genre1,genre2,co_clustering,centroid_distance,min_distance,overlap_ratio,n_tracks_g1,n_tracks_g2
140 - Deep Dubstep - Grime,Afro House,0.0,12.92610641376309,5.647636335488291,1.4034065909409548,95,99
140 - Deep Dubstep - Grime,Amapiano,0.1665460056833609,8.689919070904953,7.716330933421283,1.3260260098411463,95,98
140 - Deep Dubstep - Grime,Ambient - Experimental,0.0233957400794809,15.046189015673258,6.046600459165775,1.450332307918702,95,97
140 - Deep Dubstep - Grime,Bass - Club,0.4150087618472395,23.95438270507326,5.428636729226671,1.192727640015875,95,97
140 - Deep Dubstep - Grime,Bass House,0.2876520047947949,11.741235586519105,5.471281775858708,1.3491584404214376,95,98
140 - Deep Dubstep - Grime,Breaks - Breakbeat - UK Bass,0.4786392298762403,12.179890701887494,5.037181312173408,1.1792231736519458,95,95
140 - Deep Dubstep - Grime,DJ Tools,0.2353586981489794,18.64290374637405,8.509630695976153,2.1149358091608024,95,87
140 - Deep Dubstep - Grime,Dance - Pop,0.0,9.698606615667437,5.543076604598994,1.3837590406596338,95,96
140 - Deep Dubstep - Grime,Deep House,0.0,19.908441733573433,5.446779710790026,1.3836646499014993,95,96
140 - Deep Dubstep - Grime,Downtempo,0.0,21.296537847055255,8.022637990995108,1.5519078987654058,95,90
140 - Deep Dubstep - Grime,Drum & Bass,0.4476402819082605,8.668187127997129,5.917169923153118,1.4941445696405369,95,93
140 - Deep Dubstep - Grime,Dubstep,0.569722356830116,11.168371199850156,5.457328179129707,1.4871588459003655,95,96
140 - Deep Dubstep - Grime,Electro (Classic - Detroit - Modern),0.1723334605236877,37.10502102611206,6.080699355419245,1.3397561779451022,95,96
140 - Deep Dubstep - Grime,Electronica,0.0,11.411227612450817,5.303855204727167,1.2296007054314744,95,95
140 - Deep Dubstep - Grime,Funky House,0.0,12.825779147558789,6.435917730624267,1.4396991247378548,95,98
140 - Deep Dubstep - Grime,Hard Dance - Hardcore - Neo Rave,0.0,11.20063399332224,5.626791610776994,1.5022860688270299,95,98
140 - Deep Dubstep - Grime,Hard Techno,0.0,13.946030007361054,7.264187745793883,1.659561595229583,95,96
140 - Deep Dubstep - Grime,House,0.0,15.200493705086517,5.366307385476583,1.3850975597692026,95,96
140 - Deep Dubstep - Grime,Indie Dance,0.0,26.991530402458945,5.570774081406201,1.3965536215056993,95,96
140 - Deep Dubstep - Grime,Jackin House,0.0,12.212905338618885,6.039068320968492,1.4196912515349303,95,97
140 - Deep Dubstep - Grime,Mainstage,0.0,10.666256304448083,6.091605157528805,1.38831609915997,95,95
140 - Deep Dubstep - Grime,Melodic House & Techno,0.0,12.708890272460385,5.4863509330228535,1.3453102605914262,95,94
140 - Deep Dubstep - Grime,Minimal - Deep Tech,0.0643832671463864,31.986683635624427,4.879006099222716,1.4027279095939786,95,98
140 - Deep Dubstep - Grime,Nu Disco - Disco,0.0,10.24571284118094,5.177320963662742,1.3848663855331087,95,96
140 - Deep Dubstep - Grime,Organic House,0.0,32.940366761910326,6.116196910417104,1.7134959318794185,95,95
140 - Deep Dubstep - Grime,Progressive House,0.0,25.33951459362737,5.696317414919252,1.7536185843620127,95,92
140 - Deep Dubstep - Grime,Psy-Trance,0.0,19.693851048369833,6.401555087488599,1.594026761681512,95,97
140 - Deep Dubstep - Grime,Tech House,0.0,27.025670737800258,5.12274888441677,1.3754344311430011,95,98
140 - Deep Dubstep - Grime,Techno (Peak Time - Driving),0.0,12.897003561997376,5.2691237930529535,1.5022147326763,95,95
140 - Deep Dubstep - Grime,Techno (Raw - Deep - Hypnotic),0.0,42.052255630774035,5.540024740582337,2.1555694929301534,95,98
140 - Deep Dubstep - Grime,Trance (Main Floor),0.0,13.946090330280404,6.427029915202648,1.6105406394364246,95,98
140 - Deep Dubstep - Grime,Trance (Raw - Deep - Hypnotic),0.0,26.698632663650034,5.278794101208471,2.361759463301231,95,96
140 - Deep Dubstep - Grime,Trap - Future Bass,0.8846241008764193,4.009932412942373,0.0,1.0356784034680977,95,93
140 - Deep Dubstep - Grime,UK Garage - Bassline,0.4765913346394144,8.66228380956764,5.377281685644216,1.2109818271875066,95,96
Afro House,Amapiano,0.21923207664899,7.914436425461194,5.044425987707296,1.453198755809457,99,98
Afro House,Ambient - Experimental,0.316826495527112,16.902168347207688,5.4013143299954915,1.5308759682652286,99,97
Afro House,Bass - Club,0.0,16.810477928098955,5.563595281854409,1.5145832989345944,99,97
Afro House,Bass House,0.0,6.192560584404877,4.6722442276487435,1.3544462558779549,99,98
Afro House,Breaks - Breakbeat - UK Bass,0.0,5.553574277091892,4.679823651013382,1.40822516325766,99,95
Afro House,DJ Tools,0.0,21.659333608990917,10.350619196747084,4.37108825826462,99,87
Afro House,Dance - Pop,0.1457724609802564,6.758898964056427,4.063513722690866,1.1994294107120218,99,96
Afro House,Deep House,0.0,10.61547271459537,3.853239052457698,1.3432614895026493,99,96
Afro House,Downtempo,0.5109405807099252,11.812192304091322,5.256968892432518,1.4163640605155443,99,90
Afro House,Drum & Bass,0.0,10.894560715907613,7.546038030725721,3.1093008900515637,99,93
Afro House,Dubstep,0.0,19.208102907020994,6.278481625184137,4.2291158126105,99,96
Afro House,Electro (Classic - Detroit - Modern),0.0,29.090388259290947,4.906188195854229,1.4500765125456752,99,96
Afro House,Electronica,0.547837058966247,3.2225097792052013,4.555348426244312,1.2684694545912636,99,95
Afro House,Funky House,0.0,9.638779113554246,5.223348624199496,1.561033564972116,99,98
Afro House,Hard Dance - Hardcore - Neo Rave,0.0,10.61228727673592,7.302603181141288,1.8643112112420164,99,98
Afro House,Hard Techno,0.0,11.91196199944375,7.635757860778538,2.099987587944065,99,96
Afro House,House,0.0,6.1427293250996655,3.765624570529248,1.2387922018422386,99,96
Afro House,Indie Dance,0.2025151201885425,17.705039971687068,3.017149409848601,1.152773632348902,99,96
Afro House,Jackin House,0.0,6.716543110790755,5.164613837968792,1.3794241787828363,99,97
Afro House,Mainstage,0.0745526817155389,6.7083483958616235,4.4439693204982715,1.3419827702149811,99,95
Afro House,Melodic House & Techno,0.6765744351106698,3.2628758979754804,3.8629415322335032,1.1528747836599558,99,94
Afro House,Minimal - Deep Tech,0.0,23.76464021284058,4.83402155437571,1.442334972969143,99,98
Afro House,Nu Disco - Disco,0.2395106383493025,5.24599794411174,4.2562435317840555,1.2309541636247718,99,96
Afro House,Organic House,0.6045879945769663,23.36253830112732,3.2921862962619834,1.1923224329304778,99,95
Afro House,Progressive House,0.7154701788647506,14.657559205570205,4.041695449860127,1.331393161052055,99,92
Afro House,Psy-Trance,0.2774862464778013,9.80063635679157,5.671989966392366,1.599335625750369,99,97
Afro House,Tech House,0.0,18.23113549574765,4.266089673767588,1.3029893356946531,99,98
Afro House,Techno (Peak Time - Driving),0.2898267497561634,6.546820080021818,4.139347859297678,1.3425914526158405,99,95
Afro House,Techno (Raw - Deep - Hypnotic),0.0762357737045966,33.5867167269047,5.4397884467098985,1.9220356229744373,99,98
Afro House,Trance (Main Floor),0.350161161492822,7.7008567760686,4.224010477203787,1.411654833735444,99,98
Afro House,Trance (Raw - Deep - Hypnotic),0.5162934265671242,16.72616218570633,4.431658998627502,1.8092971242321119,99,96
Afro House,Trap - Future Bass,0.0,13.268228329791707,6.383611277362743,1.9443510862098443,99,93
Afro House,UK Garage - Bassline,0.0,9.88178578272656,5.267600853391332,1.5048532044797696,99,96
Amapiano,Ambient - Experimental,0.203070705245789,13.74454715862394,6.8277144569312345,1.5964872520555473,98,97
Amapiano,Bass - Club,0.0153952445446885,19.519519796739573,6.870706487880727,1.5911529173867451,98,97
Amapiano,Bass House,0.0,9.698289254619642,6.9840834993071175,1.4932470598940515,98,98
Amapiano,Breaks - Breakbeat - UK Bass,0.0,9.423159394006282,6.320620489930595,1.4269593455420302,98,95
Amapiano,DJ Tools,0.4233731209293402,16.697542782935432,7.356687814715097,2.944396669193451,98,87
Amapiano,Dance - Pop,0.0,8.55955603281347,5.721813661843392,1.4518948856906702,98,96
Amapiano,Deep House,0.1028860394543705,14.575451495317779,5.880331591378481,1.4681373925022319,98,96
Amapiano,Downtempo,0.5096887016194528,15.20381117213245,5.483151529661867,1.3855036864096744,98,90
Amapiano,Drum & Bass,0.269011050949599,9.472296380102915,7.56218322194388,2.331633158435828,98,93
Amapiano,Dubstep,0.0,14.381857769929534,6.8733025904279135,2.8112561198354276,98,96
Amapiano,Electro (Classic - Detroit - Modern),0.014563355840014,32.061325658855196,6.372313476100796,1.5874373190043585,98,96
Amapiano,Electronica,0.213571849146737,7.056034246327636,5.567144564913782,1.3655148159094759,98,95
Amapiano,Funky House,0.0,11.428276429659244,6.4177286797572926,1.5161298225628363,98,98
Amapiano,Hard Dance - Hardcore - Neo Rave,0.0,12.144107193193609,9.12260688202904,1.955707049446502,98,98
Amapiano,Hard Techno,0.0,14.174001629926572,9.300874783899564,2.1399299037465505,98,96
Amapiano,House,0.0682173295220179,10.069527899743424,6.437561724874118,1.4027119986935555,98,96
Amapiano,Indie Dance,0.0759357680829674,21.518770947811056,5.713058108584679,1.4037145300726728,98,96
Amapiano,Jackin House,0.1289902172180674,8.691030410384752,5.943144784419958,1.4079482876090998,98,97
Amapiano,Mainstage,0.0,9.666857633179092,6.396670586277592,1.5318813957660553,98,95
Amapiano,Melodic House & Techno,0.0034106105416739,8.876720514176192,5.744017987876668,1.335541867972724,98,94
Amapiano,Minimal - Deep Tech,0.0809612557023644,26.77206467069406,5.617659862905385,1.5044879437996612,98,98
Amapiano,Nu Disco - Disco,0.2617313687703658,6.001517601090197,5.469345838573051,1.3517778857374956,98,96
Amapiano,Organic House,0.1020514732020946,27.10814027853293,5.675860021137781,1.6507662451308018,98,95
Amapiano,Progressive House,0.0,19.451073691077838,6.058842916577396,1.8843979961519677,98,92
Amapiano,Psy-Trance,0.0,15.393409871309998,8.180697385067115,1.931236708620838,98,97
Amapiano,Tech House,0.0,21.815771912887616,6.05154777413406,1.4223527395929902,98,98
Amapiano,Techno (Peak Time - Driving),0.0,11.424403369461928,7.064208953895921,1.67180921886003,98,95
Amapiano,Techno (Raw - Deep - Hypnotic),0.0,37.048195880040254,7.713147225970494,2.576022639532951,98,98
Amapiano,Trance (Main Floor),0.0,11.922378951328797,7.695645644794113,1.7739274780904366,98,98
Amapiano,Trance (Raw - Deep - Hypnotic),0.0,21.350953606024156,7.16676363333025,2.6247303221157687,98,96
Amapiano,Trap - Future Bass,0.0685132190826604,8.801258627673125,7.482533548080817,1.6804411532166748,98,93
Amapiano,UK Garage - Bassline,0.0,9.853242241307873,6.279269849594127,1.540203141788641,98,96
Ambient - Experimental,Bass - Club,0.0,26.08354341474972,6.561852908607041,1.7097871598049406,97,97
Ambient - Experimental,Bass House,0.0,19.735760556633814,5.300235961725297,1.4869739612751272,97,98
Ambient - Experimental,Breaks - Breakbeat - UK Bass,0.0,19.457623935920985,4.407115234938352,1.7074149896699975,97,95
Ambient - Experimental,DJ Tools,0.4251896445810277,15.140308611412426,7.524036307105386,1.6310169602483,97,87
Ambient - Experimental,Dance - Pop,0.1522141539438303,16.559847591041773,5.299312499286228,1.5848387289826857,97,96
Ambient - Experimental,Deep House,0.0,23.06647867881709,6.0937167096411855,1.7695448002789333,97,96
Ambient - Experimental,Downtempo,0.3182717774908679,21.882313354095952,6.191303682337905,1.3614320282460164,97,90
Ambient - Experimental,Drum & Bass,0.0,17.791173322750776,7.5165647183013435,1.8843724504129544,97,93
Ambient - Experimental,Dubstep,0.280324069125975,13.181612905564082,7.215910330177571,1.8859465755777616,97,96
Ambient - Experimental,Electro (Classic - Detroit - Modern),0.0,36.96925180082502,6.021592831097812,1.7116649433915774,97,96
Ambient - Experimental,Electronica,0.7302830352517602,15.624214371849671,5.649768754200749,1.4117838152464934,97,95
Ambient - Experimental,Funky House,0.0,21.39413432520671,6.476381649701796,1.7876642080645837,97,98
Ambient - Experimental,Hard Dance - Hardcore - Neo Rave,0.1401881687676502,17.78730575268703,7.19334285261874,1.7710534124867905,97,98
Ambient - Experimental,Hard Techno,0.2296462239805662,19.560867155231076,9.466188735670524,1.7819802499891328,97,96
Ambient - Experimental,House,0.0,19.715408581888095,5.136555973585879,1.7693606305530694,97,96
Ambient - Experimental,Indie Dance,0.0,27.906872069093072,5.783099006883767,1.705349447953539,97,96
Ambient - Experimental,Jackin House,0.0,19.849057371427286,5.9822292873482725,1.8599275096559478,97,97
Ambient - Experimental,Mainstage,0.315708844197174,16.983969517826168,5.836902426208855,1.5368358461741456,97,95
Ambient - Experimental,Melodic House & Techno,0.5513249828043166,17.177320986939595,5.3097140531906515,1.5423940940230336,97,94
Ambient - Experimental,Minimal - Deep Tech,0.0,32.8323962275783,5.781232951666581,1.9237544529035258,97,98
Ambient - Experimental,Nu Disco - Disco,0.0,15.878133640225283,6.526476917844851,1.5662400351163634,97,96
Ambient - Experimental,Organic House,0.0,32.37778405155509,6.632841429827893,1.5665635174370298,97,95
Ambient - Experimental,Progressive House,0.0,25.707631247386633,6.527451344943337,1.5734824272144126,97,92
Ambient - Experimental,Psy-Trance,0.0746191617354341,22.078315602583167,6.791732846677362,1.6545089038569705,97,97
Ambient - Experimental,Tech House,0.0,28.47248261078572,6.194349679464002,1.8266082371122165,97,98
Ambient - Experimental,Techno (Peak Time - Driving),0.0976440256352208,19.100857739569246,5.810997306381932,1.7220469043189708,97,95
Ambient - Experimental,Techno (Raw - Deep - Hypnotic),0.0,41.15226893916186,6.535707231473024,2.50236262951977,97,98
Ambient - Experimental,Trance (Main Floor),0.3733861386790487,18.221401636710382,6.793202090604617,1.60090674269667,97,98
Ambient - Experimental,Trance (Raw - Deep - Hypnotic),0.0433447025336811,26.92816166672196,6.9205720494533125,2.2699400048032734,97,96
Ambient - Experimental,Trap - Future Bass,0.0039865733927464,13.84847987335175,7.041644332569188,1.5895655067189536,97,93
Ambient - Experimental,UK Garage - Bassline,0.0,19.52108606771441,6.0055561846725345,1.7457907240410961,97,96
Bass - Club,Bass House,0.5811732662812928,18.227677960867428,5.008443724887949,1.6894698995999964,97,98
Bass - Club,Breaks - Breakbeat - UK Bass,0.4714939172825011,15.875270340575025,4.954653986554282,1.045767731220265,97,95
Bass - Club,DJ Tools,0.0,24.429811735730798,6.964226220333449,3.049755603337196,97,87
Bass - Club,Dance - Pop,0.0,21.623907993259053,5.144474191489394,1.7609326491715651,97,96
Bass - Club,Deep House,0.4915297571323094,8.623014509274892,4.965501727808111,1.0793230581143896,97,96
Bass - Club,Downtempo,0.1548048051890905,10.209153057910356,6.707641234834987,1.2398254635996198,97,90
Bass - Club,Drum & Bass,0.0,23.667019669704437,7.231959753318719,4.025129839691226,97,93
Bass - Club,Dubstep,0.0,28.289919870745624,4.71650769103127,4.362321155625688,97,96
Bass - Club,Electro (Classic - Detroit - Modern),0.8043972665231167,14.670341719841112,5.601923042146004,1.0272863578057385,97,96
Bass - Club,Electronica,0.0,16.441952958391884,5.068451069171172,1.7190307639075602,97,95
Bass - Club,Funky House,0.0,22.23467517894438,5.64582121065732,1.829201326932441,97,98
Bass - Club,Hard Dance - Hardcore - Neo Rave,0.0,23.023240471385755,5.24407942421775,1.8835740731284216,97,98
Bass - Club,Hard Techno,0.0,24.814263962449377,7.156730775970978,2.1278550777934946,97,96
Bass - Club,House,0.2216714840244582,12.86201637943493,4.825110614257146,1.6914376764529,97,96
Bass - Club,Indie Dance,0.50136853751431,7.987350256488464,4.6882731776920545,1.0503380607692199,97,96
Bass - Club,Jackin House,0.3779891147605439,17.64061973709469,4.546685409678749,1.710643215888115,97,97
Bass - Club,Mainstage,0.0,21.249873006392924,4.965979535093011,1.7250373635055005,97,95
Bass - Club,Melodic House & Techno,0.0,18.325124102056066,4.659493317072212,1.73042064665202,97,94
Bass - Club,Minimal - Deep Tech,0.7393715980101923,10.70692621280649,4.5497164369276595,1.022832602996919,97,98
Bass - Club,Nu Disco - Disco,0.0,18.249728923286536,5.69600193240663,1.1185962810416719,97,96
Bass - Club,Organic House,0.0349976598414036,12.645890867773549,5.8999695027652805,1.2373233427854604,97,95
Bass - Club,Progressive House,0.0,9.64182324231639,5.889090188061358,1.2833258403125047,97,92
Bass - Club,Psy-Trance,0.0,11.761699772675366,5.486697587593511,1.3058040773291844,97,97
Bass - Club,Tech House,0.6371315759326126,8.400457651456248,4.749749723253108,1.685898180301831,97,98
Bass - Club,Techno (Peak Time - Driving),0.0,20.688405263080597,4.2808968851337745,1.7757886682061867,97,95
Bass - Club,Techno (Raw - Deep - Hypnotic),0.4301617452261101,19.901355146812662,5.498649887548573,1.2977710747986668,97,98
Bass - Club,Trance (Main Floor),0.0,22.01425193211424,4.63783620261564,1.3222818357405663,97,98
Bass - Club,Trance (Raw - Deep - Hypnotic),0.0,10.220195544681493,5.647373734171308,1.9923758175356294,97,96
Bass - Club,Trap - Future Bass,0.2299330136921523,23.982950064806396,5.211412212109187,1.8380948615585724,97,93
Bass - Club,UK Garage - Bassline,0.5855432147759243,22.760009987364754,5.503649575561453,1.730496421520421,97,96
Bass House,Breaks - Breakbeat - UK Bass,0.4355264889407136,4.1915425848271015,3.467183962255108,1.1452750724464058,98,95
Bass House,DJ Tools,0.0,23.344041384828202,10.563509982936266,3.992543267253007,98,87
Bass House,Dance - Pop,0.0,5.545612682804196,4.4238261850367,1.1068971543277886,98,96
Bass House,Deep House,0.5458450917576452,11.888463677746074,4.7579457151016005,1.1452703956078336,98,96
Bass House,Downtempo,0.0,14.730980308881493,6.33299571624192,1.4684087684981262,98,90
Bass House,Drum & Bass,0.0577718700622234,9.300573345057856,8.42004779635666,2.469239397370934,98,93
Bass House,Dubstep,0.0,19.32400528889242,6.378884493599214,3.6353943237727555,98,96
Bass House,Electro (Classic - Detroit - Modern),0.3693603285372778,31.063542120325625,5.036964988869199,1.2557219118036147,98,96
Bass House,Electronica,0.0,6.1515272036853235,4.538089605476852,1.197702900124035,98,95
Bass House,Funky House,0.4362097612417043,6.248779412379045,4.2877632224517015,1.1433627795585344,98,98
Bass House,Hard Dance - Hardcore - Neo Rave,0.0,9.206534199343691,6.11248455069767,1.4021842728427354,98,98
Bass House,Hard Techno,0.0,10.989383849037702,7.954536195072496,1.8054713560170847,98,96
Bass House,House,0.5228529448295172,7.3774090697389205,4.689456384277948,1.077677895437319,98,96
Bass House,Indie Dance,0.4289110672550527,19.684693584445878,3.7447884264022466,1.119499972351861,98,96
Bass House,Jackin House,0.621860986042472,4.240403688495451,4.492302619424319,1.131929510352875,98,97
Bass House,Mainstage,0.0,5.886574828079936,3.962396494870844,1.1578248031061207,98,95
Bass House,Melodic House & Techno,0.0,5.4932801332788035,3.9518964403849597,1.1630075555834025,98,94
Bass House,Minimal - Deep Tech,0.6575656753014285,25.31721868509679,4.730095832095297,1.0944871089029906,98,98
Bass House,Nu Disco - Disco,0.1462380096318232,6.090496927029144,3.8529744145733402,1.1352425225724576,98,96
Bass House,Organic House,0.0,25.893566677256576,5.297756248934062,1.2938791892660129,98,95
Bass House,Progressive House,0.0,17.5793312108108,5.141293914015476,1.3961694345965723,98,92
Bass House,Psy-Trance,0.0,11.891920468135368,5.622821774896159,1.4272464051829454,98,97
Bass House,Tech House,0.767862309435384,19.770253804918767,3.8915091190275564,1.039932350269673,98,98
Bass House,Techno (Peak Time - Driving),0.0,5.4567934954755595,4.0012712692759775,1.2011694376209259,98,95
Bass House,Techno (Raw - Deep - Hypnotic),0.0489588236225342,35.78578778706293,5.325552247725843,1.4437466072552085,98,98
Bass House,Trance (Main Floor),0.0,8.591906053381155,4.52033197688983,1.418583819620636,98,98
Bass House,Trance (Raw - Deep - Hypnotic),0.0,19.282462712211093,4.529860208864128,1.5126332083596423,98,96
Bass House,Trap - Future Bass,0.2847402741871239,12.499892992782177,6.469702854113932,1.4710488994597324,98,93
Bass House,UK Garage - Bassline,0.6670286135149471,6.815518741729572,4.930886563681571,1.1292644577516393,98,96
Breaks - Breakbeat - UK Bass,DJ Tools,0.0,22.613314606487123,8.923778917693204,3.576567314203668,95,87
Breaks - Breakbeat - UK Bass,Dance - Pop,0.0,7.446008626744977,4.8485248173859485,1.285713673211151,95,96
Breaks - Breakbeat - UK Bass,Deep House,0.0330293197025191,10.194073749225844,5.283104280247844,1.1616500553742573,95,96
Breaks - Breakbeat - UK Bass,Downtempo,0.0,13.287315702872757,6.640762262236015,1.4766024653724361,95,90
Breaks - Breakbeat - UK Bass,Drum & Bass,0.2392925946512411,10.211433695995,7.395233569036933,2.6127582987477327,95,93
Breaks - Breakbeat - UK Bass,Dubstep,0.2091067252496985,19.532409910886024,5.6344391358964945,3.50651175087923,95,96
Breaks - Breakbeat - UK Bass,Electro (Classic - Detroit - Modern),0.5580709874280982,28.549711842475833,4.077674066997202,1.1051798135316673,95,96
Breaks - Breakbeat - UK Bass,Electronica,0.0,5.046099298979231,4.8151648408033685,1.2582712016620083,95,95
Breaks - Breakbeat - UK Bass,Funky House,0.2398867015116649,8.323739655946296,4.92187657327913,1.3429303455703192,95,98
Breaks - Breakbeat - UK Bass,Hard Dance - Hardcore - Neo Rave,0.0,9.853853285365474,6.114636658340778,1.5075717310718564,95,98
Breaks - Breakbeat - UK Bass,Hard Techno,0.0,11.57890930164696,8.688081154160272,1.762986309915558,95,96
Breaks - Breakbeat - UK Bass,House,0.1698991937092941,5.7271835843571735,4.22164873252112,1.22560571086066,95,96
Breaks - Breakbeat - UK Bass,Indie Dance,0.126860456597817,17.52837639718436,5.0814363668641604,1.1457509851503398,95,96
Breaks - Breakbeat - UK Bass,Jackin House,0.2261813673637388,5.562461166209205,4.855677298355713,1.305967500114274,95,97
Breaks - Breakbeat - UK Bass,Mainstage,0.0,6.924902890263185,4.559668721687916,1.2634798245421714,95,95
Breaks - Breakbeat - UK Bass,Melodic House & Techno,0.0,5.39033350902373,4.607936427878218,1.2462009927504005,95,94
Breaks - Breakbeat - UK Bass,Minimal - Deep Tech,0.2505573109206555,23.21291255583153,4.608647000390011,1.1796164640437836,95,98
Breaks - Breakbeat - UK Bass,Nu Disco - Disco,0.0,6.789475778406518,5.369473213290086,1.2180678233104678,95,96
Breaks - Breakbeat - UK Bass,Organic House,0.0,23.735694107105104,4.882623675754293,1.3155765111161106,95,95
Breaks - Breakbeat - UK Bass,Progressive House,0.0,15.42235995297071,4.3311338778570505,1.2755207283971897,95,92
Breaks - Breakbeat - UK Bass,Psy-Trance,0.0,9.774094288163676,5.199016024808159,1.3438604138059898,95,97
Breaks - Breakbeat - UK Bass,Tech House,0.3719636250958968,17.66567874408299,4.883505006531246,1.2242376853887074,95,98
Breaks - Breakbeat - UK Bass,Techno (Peak Time - Driving),0.0,6.646121073202167,4.492191698448803,1.2963037028173552,95,95
Breaks - Breakbeat - UK Bass,Techno (Raw - Deep - Hypnotic),0.0908710690962041,33.34930119840032,4.8407548385157675,1.3662683898455719,95,98
Breaks - Breakbeat - UK Bass,Trance (Main Floor),0.0,8.555980127296182,4.509861232253424,1.3101921286105473,95,98
Breaks - Breakbeat - UK Bass,Trance (Raw - Deep - Hypnotic),0.0,16.989132927077115,4.701274435148006,1.5456888875813393,95,96
Breaks - Breakbeat - UK Bass,Trap - Future Bass,0.4936290996842538,12.890226699583518,4.905779609652229,1.4275362998212715,95,93
Breaks - Breakbeat - UK Bass,UK Garage - Bassline,0.419616456295121,8.622630000458765,3.8838268637363456,1.2157866604296017,95,96
DJ Tools,Dance - Pop,0.0,22.050263550548436,10.24047852875786,2.1664054870420757,87,96
DJ Tools,Deep House,0.0,23.560478296406718,6.1825039285166,2.1232983705250237,87,96
DJ Tools,Downtempo,0.1040353332976096,23.40999970323607,9.353452730680576,2.0710458666934763,87,90
DJ Tools,Drum & Bass,0.1100312215118443,22.436139981766615,11.45216396157466,2.227075721050043,87,93
DJ Tools,Dubstep,0.3213256433464727,16.197249235538735,8.424529266963296,2.001158346604274,87,96
DJ Tools,Electro (Classic - Detroit - Modern),0.0,34.56977352844059,7.402193520542593,2.034962464146475,87,96
DJ Tools,Electronica,0.0813749326036652,20.32084794774697,7.450010460591687,2.0217097738478884,87,95
DJ Tools,Funky House,0.0,24.711964982133395,9.341062942768298,2.1921102112677526,87,98
DJ Tools,Hard Dance - Hardcore - Neo Rave,0.0,23.268360040408357,11.223242734508858,2.236358197080832,87,98
DJ Tools,Hard Techno,0.0,25.609997962401728,12.493059790166518,2.378922284251677,87,96
DJ Tools,House,0.0,21.39040726861875,9.585887179190356,2.162289463397944,87,96
DJ Tools,Indie Dance,0.0,27.5712486452068,7.261959587258584,2.058129207614926,87,96
DJ Tools,Jackin House,0.0,21.969638276445846,10.197871862166139,2.2094101021314794,87,97
DJ Tools,Mainstage,0.0,22.798283449516568,10.523747644923658,2.1926836000349774,87,95
DJ Tools,Melodic House & Techno,0.0,22.633297847581826,8.37391983891652,2.1672413930970897,87,94
DJ Tools,Minimal - Deep Tech,0.0,30.663551708573657,6.385549844013499,2.1063806514386636,87,98
DJ Tools,Nu Disco - Disco,0.1713291745125431,19.04109308502391,8.220911435788308,1.9909058992799413,87,96
DJ Tools,Organic House,0.0,31.783023267660518,10.498981532777078,2.2878096158521823,87,95
DJ Tools,Progressive House,0.0,27.1485482530168,8.006400137700867,2.347561187953677,87,92
DJ Tools,Psy-Trance,0.0,25.51955875936,11.305868758603811,2.3210290474287074,87,97
DJ Tools,Tech House,0.0,27.82831391621336,9.987461372873447,2.2452565446590627,87,98
DJ Tools,Techno (Peak Time - Driving),0.0,25.092938023782924,11.387734896002257,2.3614929247880303,87,95
DJ Tools,Techno (Raw - Deep - Hypnotic),0.0,39.39236429611193,6.535924795160962,2.9427814245277797,87,98
DJ Tools,Trance (Main Floor),0.0,24.641622123610457,10.795510218403162,2.2623171030836673,87,98
DJ Tools,Trance (Raw - Deep - Hypnotic),0.0,28.229969873683935,19.066742477330912,3.0113235778931333,87,96
DJ Tools,Trap - Future Bass,0.3002990368189675,17.18983713444768,7.894317758232698,2.092995095346538,87,93
DJ Tools,UK Garage - Bassline,0.0991648265187296,22.89838141406897,10.337881448314278,2.158950956097035,87,96
Dance - Pop,Deep House,0.0,15.452034027269272,4.5823520800766095,1.1237118630354406,96,96
Dance - Pop,Downtempo,0.0,17.612895965335092,5.374840254789835,1.4438728024564171,96,90
Dance - Pop,Drum & Bass,0.0,7.818425506332708,6.110092678529837,1.87407311026732,96,93
Dance - Pop,Dubstep,0.0280697134651385,16.267212997221716,6.661849152158232,2.835921819038653,96,96
Dance - Pop,Electro (Classic - Detroit - Modern),0.0,34.493499090854215,5.4801625549682,1.2865820964605459,96,96
Dance - Pop,Electronica,0.145287521105631,6.665330721973244,1.63056360356109,1.0957364600590427,96,95
Dance - Pop,Funky House,0.3295124419068589,6.18682993726631,4.644013666349986,1.1587711833161953,96,98
Dance - Pop,Hard Dance - Hardcore - Neo Rave,0.2512699391519661,6.94009919315971,4.952605802471359,1.3607982184078524,96,98
Dance - Pop,Hard Techno,0.4138081124426542,8.624216202948517,6.901232403986092,1.5896788604863736,96,96
Dance - Pop,House,0.0144138607609403,10.344744447663867,4.273882170451966,1.069270144372234,96,96
Dance - Pop,Indie Dance,0.0,23.143026001202177,3.407913152732079,1.1379520200553115,96,96
Dance - Pop,Jackin House,0.0,6.873277161698746,4.822477808573228,1.135566689164573,96,97
Dance - Pop,Mainstage,0.6890067720996756,2.934221850212562,4.45100782553218,1.0494613553526442,96,95
Dance - Pop,Melodic House & Techno,0.4067063638613455,5.758946991389072,0.5398724139977702,1.0528892650413684,96,94
Dance - Pop,Minimal - Deep Tech,0.0,28.963846547906176,4.633694823515756,1.2498910597261272,96,98
Dance - Pop,Nu Disco - Disco,0.1923851594220693,5.263945594535541,4.486072221234208,1.0987949232877579,96,96
Dance - Pop,Organic House,0.0043822849018083,29.03928043877636,4.695586037682768,1.2406508023140999,96,95
Dance - Pop,Progressive House,0.2615278658756488,20.340557682199435,3.386408689849719,1.277222893292757,96,92
Dance - Pop,Psy-Trance,0.0914577198986946,14.6125478619506,5.568242258052597,1.3053043819856018,96,97
Dance - Pop,Tech House,0.0,23.371152844511197,3.5020153340221793,1.0897980648625651,96,98
Dance - Pop,Techno (Peak Time - Driving),0.4881363651737085,4.905753055700435,3.440304909273365,1.1185386632049301,96,95
Dance - Pop,Techno (Raw - Deep - Hypnotic),0.0,39.002383070403404,5.6271848126114365,1.7215627711876376,96,98
Dance - Pop,Trance (Main Floor),0.610574840681652,6.202057639349674,3.5681665852953817,1.1587588483023155,96,98
Dance - Pop,Trance (Raw - Deep - Hypnotic),0.3149425140600278,22.146772300630193,3.634316495259162,1.636012222250544,96,96
Dance - Pop,Trap - Future Bass,0.0,10.013303579750179,5.635321092022412,1.4742945474910873,96,93
Dance - Pop,UK Garage - Bassline,0.0,6.092707421651649,4.81292136633153,1.116148158016248,96,96
Deep House,Downtempo,0.2521212228687886,6.755956197941742,5.283234468601375,1.3240208690783386,96,90
Deep House,Drum & Bass,0.0,18.54471139844155,8.691134138515192,4.265754134760933,96,93
Deep House,Dubstep,0.0,25.205445812054656,5.989646092220063,5.101630290380461,96,96
Deep House,Electro (Classic - Detroit - Modern),0.519057125910185,19.828141329934788,5.464402800913372,1.251579257907573,96,96
Deep House,Electronica,0.0,10.589333649519128,4.520111601565965,1.376484873801558,96,95
Deep House,Funky House,0.5123796909940126,15.629508001980975,4.077434390897101,1.381944898310689,96,98
Deep House,Hard Dance - Hardcore - Neo Rave,0.0,17.941096349246,6.144468902519866,1.7940035784392494,96,98
Deep House,Hard Techno,0.0,19.389866811835642,8.381009302752904,2.200256517846135,96,96
Deep House,House,0.8474603469392854,5.697554485400523,3.671863534970682,1.2100763115964377,96,96
Deep House,Indie Dance,0.7531818621781841,8.54893680434707,4.327806501063715,1.0641333997553566,96,96
Deep House,Jackin House,0.8800968039334287,10.829806711506794,4.196721067381418,1.2336886880040618,96,97
Deep House,Mainstage,0.0,15.33737081695584,4.6730950554134045,1.4163180160420685,96,95
Deep House,Melodic House & Techno,0.0,11.96943736329424,4.546287284986854,1.340092599714836,96,94
Deep House,Minimal - Deep Tech,0.8706109982860807,13.929536685080784,4.035061492028679,1.0397086803378002,96,98
Deep House,Nu Disco - Disco,0.5940167585186865,12.263224494922886,4.430089087245372,1.0784005881840009,96,96
Deep House,Organic House,0.5211037886028327,14.613771461733537,3.6127948927391498,1.2262325915623733,96,95
Deep House,Progressive House,0.1878683912987198,7.53439088362705,3.950440007029442,1.294151716433035,96,92
Deep House,Psy-Trance,0.0,7.193639638999095,6.075538327402135,1.493261424526781,96,97
Deep House,Tech House,0.7805950455694188,8.852639600997367,3.402034620493923,1.26862648688051,96,98
Deep House,Techno (Peak Time - Driving),0.0,14.517481847309151,4.7774745401234915,1.4788443420881292,96,95
Deep House,Techno (Raw - Deep - Hypnotic),0.2423305003416723,24.613912422220974,5.6166894233423985,1.43159733932992,96,98
Deep House,Trance (Main Floor),0.0,15.970876998391832,5.196087725877453,1.4128011081339191,96,98
Deep House,Trance (Raw - Deep - Hypnotic),0.0,9.18622185392917,4.357907148799992,1.6329146427457053,96,96
Deep House,Trap - Future Bass,0.0,20.01830814934554,6.720235739318926,1.8317350969453452,96,93
Deep House,UK Garage - Bassline,0.4816092543534281,17.01496586520925,5.207451815688992,1.412619639559775,96,96
Downtempo,Drum & Bass,0.0,19.851547618467407,7.542236520120922,3.6364474183903868,90,93
Downtempo,Dubstep,0.0,26.239963975205942,8.751951740820088,4.378053825712927,90,96
Downtempo,Electro (Classic - Detroit - Modern),0.0350190160204245,19.668309167979906,6.717576101809341,1.3340571183274488,90,96
Downtempo,Electronica,0.4726918698883652,11.834763884860221,5.265418119012951,1.3274316561137314,90,95
Downtempo,Funky House,0.0,18.891728453603566,5.976399115038716,1.6385510275739057,90,98
Downtempo,Hard Dance - Hardcore - Neo Rave,0.0,20.08966472017749,9.09849155778007,1.8322031986232745,90,98
Downtempo,Hard Techno,0.0,21.40759728541204,9.508980078132838,2.076893846029308,90,96
Downtempo,House,0.0,9.315718101478227,6.401061651407883,1.4409099510417551,90,96
Downtempo,Indie Dance,0.346226394039241,9.079084020252258,5.654030205220468,1.208543887317223,90,96
Downtempo,Jackin House,0.0014694247238828,14.174740753403169,5.666151846513002,1.4734804337854934,90,97
Downtempo,Mainstage,0.0,17.42707434441218,6.144034240711732,1.532620230235982,90,95
Downtempo,Melodic House & Techno,0.2120112226186207,13.338691329196655,5.843950548410384,1.3898452403488066,90,94
Downtempo,Minimal - Deep Tech,0.1601317546501562,14.420337611401186,6.095518457851847,1.3184909820138169,90,98
Downtempo,Nu Disco - Disco,0.3056184447533556,14.27551329356128,6.2717491264283876,1.241115700529939,90,96
Downtempo,Organic House,0.4414978702844525,13.996787905525556,4.863379400801427,1.2205288397253355,90,95
Downtempo,Progressive House,0.2056274369802979,8.248710766028886,5.505452369870069,1.3415184487993437,90,92
Downtempo,Psy-Trance,0.0,9.013251952985774,7.3947693222326905,1.5532235056058814,90,97
Downtempo,Tech House,0.0,10.169278037486102,5.853118211892638,1.4726363679295311,90,98
Downtempo,Techno (Peak Time - Driving),0.0,16.782340559445174,5.871615931408743,1.5273387415066917,90,95
Downtempo,Techno (Raw - Deep - Hypnotic),0.0,24.285196222013035,6.831036817918538,1.7037007357487113,90,98
Downtempo,Trance (Main Floor),0.0,18.01195554751797,6.850706118360825,1.686920846209421,90,98
Downtempo,Trance (Raw - Deep - Hypnotic),0.0090788064521512,9.779412440247336,6.039389673150496,1.735537380251675,90,96
Downtempo,Trap - Future Bass,0.0,21.542563687839625,8.486117509198802,1.7863242013363159,90,93
Downtempo,UK Garage - Bassline,0.0,19.40759130623958,7.568716350957383,1.6322879921899824,90,96
Drum & Bass,Dubstep,0.5830714880866988,15.633099569040958,5.752962731018508,2.4637008284987028,93,96
Drum & Bass,Electro (Classic - Detroit - Modern),0.0,36.60446210973367,8.136096964247834,1.7301687004071502,93,96
Drum & Bass,Electronica,0.0,10.322434446643976,7.571295844005097,1.6360250522593025,93,95
Drum & Bass,Funky House,0.1032179968146511,9.128734155113357,8.84262658182763,1.7586307835573878,93,98
Drum & Bass,Hard Dance - Hardcore - Neo Rave,0.1700636509922754,9.365714092749235,6.211667647765797,1.7381871934154312,93,98
Drum & Bass,Hard Techno,0.0887316952500266,10.80413736890655,7.583760271274243,1.8434821346219536,93,96
Drum & Bass,House,0.0,13.777814778238946,8.978849203627366,1.7762872349833532,93,96
Drum & Bass,Indie Dance,0.0,25.76087417169951,8.244363024260753,1.7937168860669692,93,96
Drum & Bass,Jackin House,0.0,10.338017240955022,8.530809096904743,1.7765346151579449,93,97
Drum & Bass,Mainstage,0.0,8.273045095402265,7.868549450419572,1.7232933738400016,93,95
Drum & Bass,Melodic House & Techno,0.0,10.025815110252724,7.952509786029683,1.7481554339404481,93,94
Drum & Bass,Minimal - Deep Tech,0.0,31.36617102297331,9.332210965416266,1.9054887051406872,93,98
Drum & Bass,Nu Disco - Disco,0.0,9.516800159186392,8.324891727469101,1.792619642018947,93,96
Drum & Bass,Organic House,0.0,31.659181036785277,8.552936381669449,1.9178185226804172,93,95
Drum & Bass,Progressive House,0.0,23.482942672074195,8.515318728071257,1.9742527868781683,93,92
Drum & Bass,Psy-Trance,0.0,17.979604006421425,8.183697164601249,2.0117782639062765,93,97
Drum & Bass,Tech House,0.0,25.924227979838598,8.390888381024267,1.7766888126950873,93,98
Drum & Bass,Techno (Peak Time - Driving),0.0,10.031404097942236,7.662227914695898,1.8450213170329173,93,95
Drum & Bass,Techno (Raw - Deep - Hypnotic),0.0,41.44318490799688,9.274552742099965,2.287556662282595,93,98
Drum & Bass,Trance (Main Floor),0.0,10.84811476734175,8.026043423785698,1.9222744840343475,93,98
Drum & Bass,Trance (Raw - Deep - Hypnotic),0.0,25.297274425167075,8.306925428502879,2.378174861059774,93,96
Drum & Bass,Trap - Future Bass,0.5583082344274428,9.659756318887652,6.157746042921499,1.50637516091032,93,93
Drum & Bass,UK Garage - Bassline,0.0,8.256315809525027,8.965485266196444,1.740299527658255,93,96
Dubstep,Electro (Classic - Detroit - Modern),0.0,40.12975098184169,7.360293683124362,1.5441778015147416,96,96
Dubstep,Electronica,0.0,17.99480163102992,6.971985675422339,1.3935410636466496,96,95
Dubstep,Funky House,0.0,19.795223785291522,6.3425874633362405,1.4983628404486744,96,98
Dubstep,Hard Dance - Hardcore - Neo Rave,0.5026156447558501,16.461399532707784,5.017523856798121,1.3295608811453328,96,98
Dubstep,Hard Techno,0.3449701588964388,19.387949928831024,6.407359243175587,1.508818770218421,96,96
Dubstep,House,0.0,20.961719106321056,6.426622800744779,1.5308101553137057,96,96
Dubstep,Indie Dance,0.0,30.97426471477383,6.885774178932041,1.706482745902409,96,96
Dubstep,Jackin House,0.0,19.159184492133765,4.854115952369218,1.5139560840543207,96,97
Dubstep,Mainstage,0.3461618804913351,17.125475356644493,5.994922661655466,1.4148784843236948,96,95
Dubstep,Melodic House & Techno,0.0,19.391924940173386,7.303358907580065,1.520826319363677,96,94
Dubstep,Minimal - Deep Tech,0.0,35.55530871302118,5.735288003479579,1.820069734174093,96,98
Dubstep,Nu Disco - Disco,0.0,16.10046710790441,6.391904544720193,1.5004950335438842,96,96
Dubstep,Organic House,0.0,36.228445025577344,8.790782518624125,1.9606603539628265,96,95
Dubstep,Progressive House,0.0,29.481922035981246,8.173439556461378,1.9478423983629685,96,92
Dubstep,Psy-Trance,0.0,24.91514311359049,8.01249802578841,1.8679169473447828,96,97
Dubstep,Tech House,0.0,30.87388800654548,6.921649430075025,1.5391452109417696,96,98
Dubstep,Techno (Peak Time - Driving),0.0,19.68446476645219,6.596541187331106,1.5596958072524931,96,95
Dubstep,Techno (Raw - Deep - Hypnotic),0.0,44.748127338998465,8.042333610829065,3.009841523894167,96,98
Dubstep,Trance (Main Floor),0.0910114545960825,19.77549771647279,7.334223679449253,1.6696608051684754,96,98
Dubstep,Trance (Raw - Deep - Hypnotic),0.0,30.65116243474175,9.66333212129177,3.041475618589904,96,96
Dubstep,Trap - Future Bass,0.8095053410280556,8.000781574223105,4.6934806236753,1.0930878354531361,96,93
Dubstep,UK Garage - Bassline,0.0,17.82304012198172,5.623026463580355,1.4264912536667242,96,96
Electro (Classic - Detroit - Modern),Electronica,0.0,28.897522048540303,5.265406499076798,1.7408237361163312,96,95
Electro (Classic - Detroit - Modern),Funky House,0.0494272303179764,34.87279400918782,5.861858926478809,1.89615986944989,96,98
Electro (Classic - Detroit - Modern),Hard Dance - Hardcore - Neo Rave,0.0,35.658660968215734,6.277982651632106,2.0318295634694854,96,98
Electro (Classic - Detroit - Modern),Hard Techno,0.0,37.09531048915925,8.720389512302901,2.388550555004789,96,96
Electro (Classic - Detroit - Modern),House,0.3387274477953354,24.78702456816721,5.336391726672011,1.6801492099427389,96,96
Electro (Classic - Detroit - Modern),Indie Dance,0.6660238906294791,12.07646473069346,5.166121799285825,1.0468413981125497,96,96
Electro (Classic - Detroit - Modern),Jackin House,0.3896491068077456,30.29251048749695,5.406925489342516,1.7454330485247516,96,97
Electro (Classic - Detroit - Modern),Mainstage,0.0,33.953549144127514,5.309524128236557,1.7936603798178676,96,95
Electro (Classic - Detroit - Modern),Melodic House & Techno,0.0,30.507514137308387,5.398574240047399,1.7199960788256565,96,94
Electro (Classic - Detroit - Modern),Minimal - Deep Tech,0.7203294431667397,7.158574569986861,5.358406030796081,1.064454370171341,96,98
Electro (Classic - Detroit - Modern),Nu Disco - Disco,0.0,31.11467525578223,5.536776552928148,1.164824046456604,96,96
Electro (Classic - Detroit - Modern),Organic House,0.3093960017006029,8.359105912812002,5.299511328279886,1.1698725379627555,96,95
Electro (Classic - Detroit - Modern),Progressive House,0.1179274299065699,15.886205510353532,5.316363000799202,1.1778114959926806,96,92
Electro (Classic - Detroit - Modern),Psy-Trance,0.0010109162179214,21.741676529464744,4.600969873452675,1.4219582821912875,96,97
Electro (Classic - Detroit - Modern),Tech House,0.6753482248067522,12.11123827785809,4.581726773192592,1.658349713806068,96,98
Electro (Classic - Detroit - Modern),Techno (Peak Time - Driving),0.0,33.05440626585626,4.856137664731951,1.782018951561419,96,95
Electro (Classic - Detroit - Modern),Techno (Raw - Deep - Hypnotic),0.5456393104392994,7.19462397279455,4.843471645866169,1.3533245408203856,96,98
Electro (Classic - Detroit - Modern),Trance (Main Floor),0.0,33.93551539346109,6.147098740051721,1.5179939706992818,96,98
Electro (Classic - Detroit - Modern),Trance (Raw - Deep - Hypnotic),0.0289061367033004,14.301368423580758,5.017201530476584,1.8257894956243688,96,96
Electro (Classic - Detroit - Modern),Trap - Future Bass,0.0,36.81859568239568,5.4792468172001705,2.0113493906151105,96,93
Electro (Classic - Detroit - Modern),UK Garage - Bassline,0.3727996357292149,35.974724762698266,5.242901900498696,1.851284079268015,96,96
Electronica,Funky House,0.0,9.893059370546181,5.520175549671073,1.2527169288955768,95,98
Electronica,Hard Dance - Hardcore - Neo Rave,0.0,9.849056226319052,5.911341663858852,1.3406538018483884,95,98
Electronica,Hard Techno,0.0,11.485978367938978,4.34527249698146,1.509618988667397,95,96
Electronica,House,0.0,5.905354069824774,4.270624043832672,1.0815124447512379,95,96
Electronica,Indie Dance,0.0,17.690455019972134,4.3496381107476125,1.0861120401649302,95,96
Electronica,Jackin House,0.0,6.755063696588908,5.2787743009917305,1.1663495481342498,95,97
Electronica,Mainstage,0.1798116827033945,6.426502463670107,4.746884294316476,1.0772613007799459,95,95
Electronica,Melodic House & Techno,0.6334874986804613,3.683512749110685,4.504573734797944,1.0217022750078077,95,94
Electronica,Minimal - Deep Tech,0.0,23.56420365106902,4.499666712084371,1.1915874770210955,95,98
Electronica,Nu Disco - Disco,0.0,5.197806271541496,4.822473202294436,1.1074593133556414,95,96
Electronica,Organic House,0.1068941404690735,23.504159019120582,4.091268061126517,1.140061648158435,95,95
Electronica,Progressive House,0.2346244991950378,15.12368130771232,4.545517416168758,1.187677762023096,95,92
Electronica,Psy-Trance,0.2279755843274742,9.760049322265075,4.812706997598805,1.2382827313107727,95,97
Electronica,Tech House,0.0,18.11108003080563,3.4972215640562823,1.1133831173112878,95,98
Electronica,Techno (Peak Time - Driving),0.1478350046786814,7.037663546468027,4.152864451210589,1.1330891397932497,95,95
Electronica,Techno (Raw - Deep - Hypnotic),0.0,33.45250442484914,5.441214177454384,1.5209179373687687,95,98
Electronica,Trance (Main Floor),0.2794326556786367,8.044053950452835,5.708531217725896,1.1943544897469753,95,98
Electronica,Trance (Raw - Deep - Hypnotic),0.2978523470586171,16.751972422883217,4.081987568084333,1.4824682637977358,95,96
Electronica,Trap - Future Bass,0.0,11.90914949132247,6.3855296404980955,1.3429248026789709,95,93
Electronica,UK Garage - Bassline,0.0,9.294319925200123,4.61015901880164,1.1395184318260545,95,96
Funky House,Hard Dance - Hardcore - Neo Rave,0.0,10.122568983379537,6.234969533490239,1.6614965794626873,98,98
Funky House,Hard Techno,0.0,10.699341773804075,8.505823208358008,1.983653230441438,98,96
Funky House,House,0.7371507289704835,10.94748098487198,4.479331722404077,1.1223297674204133,98,96
Funky House,Indie Dance,0.2032252501811402,23.618603369840763,4.702362198288889,1.2365188111870866,98,96
Funky House,Jackin House,0.7620068460074624,6.01582843421067,3.7584113387221887,1.0515203975271765,98,97
Funky House,Mainstage,0.0,7.090543483673962,4.586955791136187,1.308638582520266,98,95
Funky House,Melodic House & Techno,0.0,8.60593321972193,5.127758351453162,1.325773940413427,98,94
Funky House,Minimal - Deep Tech,0.2891300711937907,29.194264725501064,4.393343458841297,1.2885371347057346,98,98
Funky House,Nu Disco - Disco,0.5445509112530256,7.662083596724918,3.6486062469860703,1.062273539482164,98,96
Funky House,Organic House,0.0612723534974498,29.608543095037025,4.929762152873074,1.3924718969987548,98,95
Funky House,Progressive House,0.055743125978973,21.06114024864764,6.388755763091457,1.5148973175076081,98,92
Funky House,Psy-Trance,0.0,16.302995426620303,6.076744568415867,1.7803248188008802,98,97
Funky House,Tech House,0.4426838689797452,23.739873547720354,4.543067559631876,1.2026729654578296,98,98
Funky House,Techno (Peak Time - Driving),0.0,7.806790614436315,4.524780627311613,1.4083765332468343,98,95
Funky House,Techno (Raw - Deep - Hypnotic),0.0,39.58486286284337,5.38777483284474,1.6512483638761084,98,98
Funky House,Trance (Main Floor),0.0,8.814163791726072,6.065052805524932,1.4748317073498716,98,98
Funky House,Trance (Raw - Deep - Hypnotic),0.0,23.14871301740657,5.381091093739051,1.6212381395007476,98,96
Funky House,Trap - Future Bass,0.0,13.513959414995268,6.319244414401871,1.7141365750545943,98,93
Funky House,UK Garage - Bassline,0.2700487273762204,6.922000649071947,5.210341970134661,1.3194249166003873,98,96
Hard Dance - Hardcore - Neo Rave,Hard Techno,0.9293588186872112,4.226571557892901,3.0905980463386262,1.0701171433061458,98,96
Hard Dance - Hardcore - Neo Rave,House,0.0,13.207981013373944,6.228182036027473,1.6236669434536917,98,96
Hard Dance - Hardcore - Neo Rave,Indie Dance,0.0,24.839272822370454,6.6512449687098725,1.7528432955281927,98,96
Hard Dance - Hardcore - Neo Rave,Jackin House,0.0,11.110250225833948,6.716580280602341,1.7457237008818804,98,97
Hard Dance - Hardcore - Neo Rave,Mainstage,0.7122653136609287,5.409932139230745,5.139965574420534,1.2730711666041594,98,95
Hard Dance - Hardcore - Neo Rave,Melodic House & Techno,0.0277381323236494,9.12295311612124,6.9463065299078135,1.6016053653657665,98,94
Hard Dance - Hardcore - Neo Rave,Minimal - Deep Tech,0.0,30.431239119430646,6.015300062908287,1.8141266648534393,98,98
Hard Dance - Hardcore - Neo Rave,Nu Disco - Disco,0.0,10.14506042702133,6.57365679085359,1.749032280750773,98,96
Hard Dance - Hardcore - Neo Rave,Organic House,0.0,30.598913703795862,8.197620059742272,1.839101698698274,98,95
Hard Dance - Hardcore - Neo Rave,Progressive House,0.0,22.291251371408716,7.675609103407113,1.817182039726206,98,92
Hard Dance - Hardcore - Neo Rave,Psy-Trance,0.3645494725054558,15.56987565952912,5.297626862792184,1.5033263385795321,98,97
Hard Dance - Hardcore - Neo Rave,Tech House,0.0,24.889270815460407,5.525291618237146,1.6356244986275694,98,98
Hard Dance - Hardcore - Neo Rave,Techno (Peak Time - Driving),0.4391042161546742,7.3929939502838184,4.1863318852791,1.3740544387231626,98,95
Hard Dance - Hardcore - Neo Rave,Techno (Raw - Deep - Hypnotic),0.0,39.805134665776805,5.656100028724617,1.9545785581758937,98,98
Hard Dance - Hardcore - Neo Rave,Trance (Main Floor),0.4697896910309171,7.471480532084518,3.8395000544378193,1.3672696554657275,98,98
Hard Dance - Hardcore - Neo Rave,Trance (Raw - Deep - Hypnotic),0.0781619086914457,23.360101649959855,5.842613879453665,1.935446006477828,98,96
Hard Dance - Hardcore - Neo Rave,Trap - Future Bass,0.2810432874042442,11.070312573224877,4.701094288161671,1.4101230052719047,98,93
Hard Dance - Hardcore - Neo Rave,UK Garage - Bassline,0.0,8.689574574334229,5.326686189679849,1.5454407419222036,98,96
Hard Techno,House,0.0,14.739848748172538,8.528170478538986,1.5600279616935473,96,96
Hard Techno,Indie Dance,0.0,26.217015486846755,8.153036747501444,1.6541317730026672,96,96
Hard Techno,Jackin House,0.0,12.776053763814165,8.687427714813754,1.6949673132370406,96,97
Hard Techno,Mainstage,0.7831052359386889,6.788610398554989,4.837937450159752,1.1780933810178345,96,95
Hard Techno,Melodic House & Techno,0.2070436611949891,10.034115693106942,7.238307263611625,1.5206337824692988,96,94
Hard Techno,Minimal - Deep Tech,0.0,31.913428077698644,8.466723732395543,1.754721572308151,96,98
Hard Techno,Nu Disco - Disco,0.0,12.183936889623778,8.63150288416528,1.6881586500532577,96,96
Hard Techno,Organic House,0.0,31.694705568415497,8.272880982120066,1.6725651698680846,96,95
Hard Techno,Progressive House,0.0,23.201892831244574,7.773689281467889,1.6753609410959154,96,92
Hard Techno,Psy-Trance,0.3832290364529683,16.774508741453758,5.255466543819096,1.4355381251468093,96,97
Hard Techno,Tech House,0.0,26.352548548978376,7.6661170952276345,1.5437698170132013,96,98
Hard Techno,Techno (Peak Time - Driving),0.5172764829299834,8.292003212913263,4.511410311270053,1.324501525460997,96,95
Hard Techno,Techno (Raw - Deep - Hypnotic),0.0,40.95432741240502,7.382793829423197,1.708282430395101,96,98
Hard Techno,Trance (Main Floor),0.6466696573766076,7.073899168940267,4.701359256419308,1.2701838731698833,96,98
Hard Techno,Trance (Raw - Deep - Hypnotic),0.2591016084408926,24.373433606913025,6.668801241029193,1.6151630021788503,96,96
Hard Techno,Trap - Future Bass,0.0207333253920889,14.237239380686097,5.331222622549651,1.3691318081108892,96,93
Hard Techno,UK Garage - Bassline,0.0,10.08306253266458,7.779348984092205,1.5070672838068422,96,96
House,Indie Dance,0.6018209258137068,13.415833496154,0.10057193796101728,1.0641660617828936,96,96
House,Jackin House,0.9038964373447628,6.211768458089943,3.026379736324825,1.002864288278469,96,97
House,Mainstage,0.0,10.295414810808097,4.380661213085564,1.1582967747295747,96,95
House,Melodic House & Techno,0.0,7.282814284999259,4.00378228620534,1.114696682303755,96,94
House,Minimal - Deep Tech,0.6720431623555552,19.025025655534535,3.959226514172835,1.0756971710783276,96,98
House,Nu Disco - Disco,0.6708668266888054,7.325844747074766,4.364658360854888,1.0359615938543074,96,96
House,Organic House,0.3474184755664676,19.44564226497703,4.240303843420029,1.2645889337372263,96,95
House,Progressive House,0.1697724917254198,11.451906753731375,4.548153126018409,1.328412914596341,96,92
House,Psy-Trance,0.0,7.759202181773139,5.977611861246014,1.501929201666632,96,97
House,Tech House,0.7182396676774339,13.578516222012102,3.538056262149644,1.064923133047469,96,98
House,Techno (Peak Time - Driving),0.0,10.088986137026442,4.171297824871405,1.2496252716083076,96,95
House,Techno (Raw - Deep - Hypnotic),0.0134287147005988,29.512497042428475,4.41667014734305,1.595450317997,96,98
House,Trance (Main Floor),0.0,11.364407656278658,3.82112077801068,1.3261780767532148,96,98
House,Trance (Raw - Deep - Hypnotic),0.0,13.157843267634671,4.563637785819187,1.6001066748188453,96,96
House,Trap - Future Bass,0.0,15.28882678318789,6.924744887429117,1.5657585972640078,96,93
House,UK Garage - Bassline,0.4252028894488285,12.048976651514943,5.026373812355275,1.1472026921409502,96,96
Indie Dance,Jackin House,0.5630476957279432,19.040006212297836,4.96305058197909,1.3843095353977826,96,97
Indie Dance,Mainstage,0.0,22.6462390856768,4.639377597541339,1.433316754463588,96,95
Indie Dance,Melodic House & Techno,0.0,18.98582791738925,3.3073016961735298,1.306104201787041,96,94
Indie Dance,Minimal - Deep Tech,0.7146591330425232,6.749105711522416,4.037571036836738,1.0969770451993934,96,98
Indie Dance,Nu Disco - Disco,0.370270800244619,20.00078266773307,3.920043389756557,1.0902903822466044,96,96
Indie Dance,Organic House,0.666297896760323,6.740603544303804,3.0737334344233305,1.132075220985723,96,95
Indie Dance,Progressive House,0.4159954879871357,5.537320293215442,3.4684993150532617,1.1669112785190108,96,92
Indie Dance,Psy-Trance,0.0,10.816694396066447,5.644423131114188,1.5202643755782501,96,97
Indie Dance,Tech House,0.738111050919377,2.5367544408758818,3.9988124884567022,1.2827017506152347,96,98
Indie Dance,Techno (Peak Time - Driving),0.0,21.635836361684373,4.1867043237239825,1.4262036131722229,96,95
Indie Dance,Techno (Raw - Deep - Hypnotic),0.3691983460146772,16.77855995972128,5.190783977611102,1.4519323144221157,96,98
Indie Dance,Trance (Main Floor),0.0,22.728822285521254,4.050782142086232,1.5183250328005755,96,98
Indie Dance,Trance (Raw - Deep - Hypnotic),0.1437315065625925,4.895857810825779,4.664033829418995,1.539368105821934,96,96
Indie Dance,Trap - Future Bass,0.0,26.79030779724112,7.1415937386813955,1.9386941039007373,96,93
Indie Dance,UK Garage - Bassline,0.1060751978298435,25.005552044471816,4.752931444297634,1.5442500469787286,96,96
Jackin House,Mainstage,0.0,7.997642117037975,4.848920317376348,1.287042560434917,97,95
Jackin House,Melodic House & Techno,0.0,7.057301080666361,4.727224501276892,1.241717936506164,97,94
Jackin House,Minimal - Deep Tech,0.7398961140290068,24.405681768298376,4.317096523295317,1.1323596448588502,97,98
Jackin House,Nu Disco - Disco,0.6372751649062398,4.792736267416337,4.197979313156411,1.0664037998815419,97,96
Jackin House,Organic House,0.2456320201027436,25.133800202568473,4.069575722039774,1.3953079236921786,97,95
Jackin House,Progressive House,0.0,17.03178165259786,5.162312474656948,1.543534388967309,97,92
Jackin House,Psy-Trance,0.0,12.660325929073789,6.345773991033638,1.6887321219297318,97,97
Jackin House,Tech House,0.7302369080216667,19.141201836239507,4.764693466618678,1.1662671896043182,97,98
Jackin House,Techno (Peak Time - Driving),0.0,8.218594602980378,4.534590223259194,1.4340743736018926,97,95
Jackin House,Techno (Raw - Deep - Hypnotic),0.0,35.208496479125095,5.368932088049352,1.7322296496795289,97,98
Jackin House,Trance (Main Floor),0.0,10.200200832788939,6.105419347007211,1.5162956009747173,97,98
Jackin House,Trance (Raw - Deep - Hypnotic),0.0,18.99131975986734,5.203973633829679,1.7687388622023543,97,96
Jackin House,Trap - Future Bass,0.0,12.70457801320192,6.401047680958378,1.5699967739350018,97,93
Jackin House,UK Garage - Bassline,0.5478049462273027,7.622941172790809,4.855312664918226,1.199268713343336,97,96
Mainstage,Melodic House & Techno,0.5065683768821756,4.944584560841652,4.199297085705935,1.045142589748963,95,94
Mainstage,Minimal - Deep Tech,0.0,28.58128616654731,4.847589509642924,1.3078041817726123,95,98
Mainstage,Nu Disco - Disco,0.0,6.719337969169547,4.980893276007062,1.1760692188931239,95,96
Mainstage,Organic House,0.0,28.512227779488597,5.670960895918998,1.2754746366425136,95,95
Mainstage,Progressive House,0.0486746746954003,19.77874460061437,4.017040661749651,1.2524942287572371,95,92
Mainstage,Psy-Trance,0.4525851389653184,13.528559046377948,4.344455204133722,1.1722169248135141,95,97
Mainstage,Tech House,0.0,22.890460552203038,4.148759860054291,1.114074844082943,95,98
Mainstage,Techno (Peak Time - Driving),0.769712471189341,3.566482206129073,3.7178339039383257,1.011213484973101,95,95
Mainstage,Techno (Raw - Deep - Hypnotic),0.0,38.26136737769032,5.027630047812876,1.4962766353855346,95,98
Mainstage,Trance (Main Floor),0.8269214168644006,4.333957112132854,3.695118320298247,1.0683000773482392,95,98
Mainstage,Trance (Raw - Deep - Hypnotic),0.3192590073348743,21.360386906135872,4.712438241913688,1.4447957160612417,95,96
Mainstage,Trap - Future Bass,0.0,11.032895007905399,6.067004416064965,1.3523106559998077,95,93
Mainstage,UK Garage - Bassline,0.0,6.917712761109112,4.749837901782126,1.1173502785191805,95,96
Melodic House & Techno,Minimal - Deep Tech,0.0,25.157815315851156,4.94492857448711,1.3850852466916792,94,98
Melodic House & Techno,Nu Disco - Disco,0.0,6.17976931049725,4.290635746601246,1.2272843686992927,94,96
Melodic House & Techno,Organic House,0.2633807412454218,24.75153662311135,4.0296313417891865,1.1814137129457685,94,95
Melodic House & Techno,Progressive House,0.531374031731643,15.974083293788924,2.9034968572637796,1.1604721617113671,94,92
Melodic House & Techno,Psy-Trance,0.4168539535404386,10.346562357601,5.396172269725006,1.3691845482238048,94,97
Melodic House & Techno,Tech House,0.0,19.49346427107214,3.750440306505272,1.1364846721873554,94,98
Melodic House & Techno,Techno (Peak Time - Driving),0.5290189950193152,4.79595223685212,4.011088085690511,1.1735874083737532,94,95
Melodic House & Techno,Techno (Raw - Deep - Hypnotic),0.0,34.90338261447664,4.8123403223896455,1.6276116826333664,94,98
Melodic House & Techno,Trance (Main Floor),0.6594417536201798,5.673052094942744,3.259779790905169,1.219772593624207,94,98
Melodic House & Techno,Trance (Raw - Deep - Hypnotic),0.4245823989732693,17.85080084901208,4.210522698752262,1.467085931530601,94,96
Melodic House & Techno,Trap - Future Bass,0.0,13.322098647874649,7.091200393346266,1.7813391537182575,94,93
Melodic House & Techno,UK Garage - Bassline,0.0,9.084320005723102,4.741653358817601,1.305719419113342,94,96
Minimal - Deep Tech,Nu Disco - Disco,0.275325782017661,25.587413622083844,4.31445347576759,1.2299253667885828,98,96
Minimal - Deep Tech,Organic House,0.3365034182299209,5.723418281530292,5.103524823094956,1.3350967376107026,98,95
Minimal - Deep Tech,Progressive House,0.0,11.453914404711659,4.996243508130318,1.4871883266844113,98,92
Minimal - Deep Tech,Psy-Trance,0.0,16.74629152985086,5.48401354650048,1.7039254749716224,98,97
Minimal - Deep Tech,Tech House,0.9057594986765012,6.175551789828119,3.5857918175669683,1.3941710628827944,98,98
Minimal - Deep Tech,Techno (Peak Time - Driving),0.0,27.655670353646173,3.7678976451986292,1.703642030842014,98,95
Minimal - Deep Tech,Techno (Raw - Deep - Hypnotic),0.3402504153639765,12.089639840094488,4.301501856979466,1.5915194784765545,98,98
Minimal - Deep Tech,Trance (Main Floor),0.0,28.856949036929095,5.204412326673311,1.7476149727980388,98,98
Minimal - Deep Tech,Trance (Raw - Deep - Hypnotic),0.0,9.774531072612838,4.609850836916767,1.7996197965127219,98,96
Minimal - Deep Tech,Trap - Future Bass,0.0,31.74657049205554,7.014911570124944,2.0796490964843963,98,93
Minimal - Deep Tech,UK Garage - Bassline,0.6599955622468918,30.267387284180323,4.69025924130585,1.5815549128453799,98,96
Nu Disco - Disco,Organic House,0.3536487609160511,25.88762787831199,4.543208711055977,1.2066600788309403,96,95
Nu Disco - Disco,Progressive House,0.2435237829524703,17.578350615524872,4.680186096045951,1.3047588224521405,96,92
Nu Disco - Disco,Psy-Trance,0.0,13.166942478890386,5.966297597513829,1.5112049798741152,96,97
Nu Disco - Disco,Tech House,0.2236831989503411,20.333649259160428,4.194956720887676,1.156713908006406,96,98
Nu Disco - Disco,Techno (Peak Time - Driving),0.0,8.076498334785134,4.29324797400064,1.3109998995681635,96,95
Nu Disco - Disco,Techno (Raw - Deep - Hypnotic),0.0,35.956699366841875,5.381262534694172,1.886494232579747,96,98
Nu Disco - Disco,Trance (Main Floor),0.0,9.102397058564076,5.606420523515456,1.333179236749757,96,98
Nu Disco - Disco,Trance (Raw - Deep - Hypnotic),0.0,19.641145649175396,5.1869354683652675,1.9345365942747428,96,96
Nu Disco - Disco,Trap - Future Bass,0.0,10.200942187634784,7.236147860166875,1.5660113522150303,96,93
Nu Disco - Disco,UK Garage - Bassline,0.1368480724377624,7.951499336845206,5.527643162271441,1.253623968812735,96,96
Organic House,Progressive House,0.8592707110066222,9.417192929179349,3.5047424889570995,0.9282050302805009,95,92
Organic House,Psy-Trance,0.2120235534720734,16.185219653927426,6.413261786227654,1.3840341580847353,95,97
Organic House,Tech House,0.3428444258113922,7.224496773809629,4.706647534020361,1.1935832303112286,95,98
Organic House,Techno (Peak Time - Driving),0.0849747037186345,27.441748196183607,4.787726319119398,1.2731145085492566,95,95
Organic House,Techno (Raw - Deep - Hypnotic),0.3912363851737726,11.621515193221096,5.967999325643624,1.3633767278820208,95,98
Organic House,Trance (Main Floor),0.0,28.211982593995163,5.22214695079127,1.3946757543121293,95,98
Organic House,Trance (Raw - Deep - Hypnotic),0.5875092106063253,7.996563671794258,4.762273150452522,1.2457481053161146,95,96
Organic House,Trap - Future Bass,0.0,32.60598089700193,7.569943035552494,1.8632992634711198,95,93
Organic House,UK Garage - Bassline,0.0,31.092985255223923,5.565742688983115,1.4378568861986663,95,96
Progressive House,Psy-Trance,0.3771366047051121,8.278287359441403,5.903283852615507,1.4284626945604755,92,97
Progressive House,Tech House,0.013344199726965,6.8816006423455836,4.120701028040751,1.4036572347633822,92,98
Progressive House,Techno (Peak Time - Driving),0.3369303556512255,18.624087476836856,5.049399763336153,1.4912590577542792,92,95
Progressive House,Techno (Raw - Deep - Hypnotic),0.3862433213082691,19.853921856809368,5.905456612808732,1.4459927127578824,92,98
Progressive House,Trance (Main Floor),0.3887554198063715,19.24771334867071,3.7737058303926614,1.3446608997003713,92,98
Progressive House,Trance (Raw - Deep - Hypnotic),0.7535590170386763,4.372315658033798,4.439173865596362,1.4338713229833286,92,96
Progressive House,Trap - Future Bass,0.0,25.158832635507594,8.52904537136492,2.1773799631690194,92,93
Progressive House,UK Garage - Bassline,0.0,22.900172216457978,5.717393127104551,1.701296801183503,92,96
Psy-Trance,Tech House,0.0,11.24285381718496,5.409601996496189,1.2337742369246356,97,98
Psy-Trance,Techno (Peak Time - Driving),0.7502416421747997,12.115750620109312,4.334985555308958,1.1084006672311517,97,95
Psy-Trance,Techno (Raw - Deep - Hypnotic),0.5689998365815032,25.587549567199012,4.937972619364176,1.173495155479677,97,98
Psy-Trance,Trance (Main Floor),0.4723743226935911,13.336828712840301,4.345018464440332,1.1745551122937499,97,98
Psy-Trance,Trance (Raw - Deep - Hypnotic),0.7319080081558506,8.781286939510755,4.5391745011197155,1.1208276684444252,97,96
Psy-Trance,Trap - Future Bass,0.0,19.818596596931283,5.759155596563877,1.5957749526752893,97,93
Psy-Trance,UK Garage - Bassline,0.0,17.006759262991835,5.5311462359046,1.3518319499101212,97,96
Tech House,Techno (Peak Time - Driving),0.0,21.919996791663625,2.8765738047677902,1.261276471842501,98,95
Tech House,Techno (Raw - Deep - Hypnotic),0.3225152029370154,16.709649179715946,4.584031509832975,1.4481774229185969,98,98
Tech House,Trance (Main Floor),0.0,23.170200354599423,4.254391942891895,1.519358848140421,98,98
Tech House,Trance (Raw - Deep - Hypnotic),0.0,5.5531505599890325,4.544354822371781,1.4042817025036385,98,96
Tech House,Trap - Future Bass,0.0,26.722962651428052,6.657098735249473,1.7517182929127408,98,93
Tech House,UK Garage - Bassline,0.5484149024093659,25.047820186202546,4.822381916489574,1.316284092788902,98,96
Techno (Peak Time - Driving),Techno (Raw - Deep - Hypnotic),0.3926010159405302,37.214879457740636,4.217111256694293,1.4128165772556645,95,98
Techno (Peak Time - Driving),Trance (Main Floor),0.6960279027263248,4.778090656226613,3.8376378411264502,1.195995204383641,95,98
Techno (Peak Time - Driving),Trance (Raw - Deep - Hypnotic),0.5768696427439814,20.232563661996043,4.065750404540243,1.299214086728698,95,96
Techno (Peak Time - Driving),Trap - Future Bass,0.0,13.529234416412313,5.892793830205667,1.7730463715815845,95,93
Techno (Peak Time - Driving),UK Garage - Bassline,0.0,8.335568898107063,4.959591309820851,1.314445740628128,95,96
Techno (Raw - Deep - Hypnotic),Trance (Main Floor),0.0,37.97907239234092,4.968054760004701,1.3498159973206774,98,98
Techno (Raw - Deep - Hypnotic),Trance (Raw - Deep - Hypnotic),0.590361277722558,17.67421990337408,3.801127906458754,1.570548075809699,98,96
Techno (Raw - Deep - Hypnotic),Trap - Future Bass,0.0,41.708075573335066,7.042205339220388,2.199378967477524,98,93
Techno (Raw - Deep - Hypnotic),UK Garage - Bassline,0.0199577971529082,40.74589107013485,5.109311961420611,1.850544093876477,98,96
Trance (Main Floor),Trance (Raw - Deep - Hypnotic),0.5556877352691114,20.879705949845988,4.286606146811258,1.2889840620146589,98,96
Trance (Main Floor),Trap - Future Bass,0.0,14.311235720621786,6.091166861410121,1.7562020088708483,98,93
Trance (Main Floor),UK Garage - Bassline,0.0,9.883818903636168,4.337797523576642,1.3892874141473137,98,96
Trance (Raw - Deep - Hypnotic),Trap - Future Bass,0.0,26.460272844121082,6.772337796259948,1.7262361570487723,96,93
Trance (Raw - Deep - Hypnotic),UK Garage - Bassline,0.0,24.424837603485066,4.287242975762951,1.3415308507776278,96,96
Trap - Future Bass,UK Garage - Bassline,0.4025930018561782,10.47335549592906,5.844772918191111,1.093684207457298,93,96
