genre1,genre2,phantom_score,co_clustering,centroid_distance,min_distance,overlap_score,stat_similarity,n_tracks_g1,n_tracks_g2
140 - Deep Dubstep - Grime,Trap - Future Bass,0.7137208124127095,0.8846241008764193,2.962647426871422,0.0,-0.04590392031334578,0.39974557123642496,95,93
Hard Dance - Hardcore - Neo Rave,Hard Techno,0.7074604077115464,0.9293588186872112,3.291547285503651,3.2495816091244376,-0.07757668539162799,0.1707364198875299,98,96
Deep House,Jackin House,0.7073632295809976,0.8800968039334287,2.543710254440945,4.637340387266287,-0.07674524173893649,0.2815114006514789,96,97
Minimal - Deep Tech,Tech House,0.7040828953850625,0.9057594986765012,2.9578833667417954,4.011180955401926,-0.09749742208941048,0.19683852726120737,98,98
House,Jackin House,0.6941628155827985,0.9038964373447628,2.881432388818199,3.2451293144752,-0.007075394019681047,0.09321242394643932,96,97
Deep House,House,0.6898158078359493,0.8474603469392854,2.3271413453415355,4.0480344489241835,-0.05523165653529216,0.22720208761471747,96,96
Deep House,Minimal - Deep Tech,0.6890158197362147,0.8706109982860807,3.0178301185467586,4.369070238231602,-0.04635946945855296,0.23257167288781444,96,98
Organic House,Progressive House,0.6840328745803886,0.8592707110066222,2.7521221803161735,3.8024830264172973,-0.045953009829048375,0.19142558563076348,95,92
Bass House,Tech House,0.6616956958026257,0.767862309435384,2.410208631963506,4.296001629354487,-0.026056865201774526,0.36028073232712743,98,98
Bass - Club,Electro (Classic - Detroit - Modern),0.6462662036580715,0.8043972665231167,3.308198038210583,5.751354045092213,-0.05329464238717607,0.1864261118066895,97,96
Deep House,Tech House,0.6458733773717934,0.7805950455694188,2.6794497372615713,3.6313192484938446,-0.08016842027992355,0.18972526984957258,96,98
Deep House,Indie Dance,0.63478558798436,0.7531818621781841,2.7878244635320892,4.774565144220174,-0.06797438449554494,0.23596503897836438,96,96
Mainstage,Techno (Peak Time - Driving),0.6324340586468403,0.769712471189341,2.644965107658593,4.04493584931185,-0.016106027201822304,0.10329244312872972,95,95
Indie Dance,Tech House,0.6273247468803669,0.738111050919377,2.5635551758190678,4.301821878576675,-0.08073922733547167,0.19483307878143313,96,98
Mainstage,Trance (Main Floor),0.6242417715865552,0.8269214168644006,4.343876753421078,4.0967095829238405,-0.07026017016611608,0.01632584568571998,95,98
House,Tech House,0.6185050626205455,0.7182396676774339,2.6065907918013163,3.9029704544209207,-0.02050529674824908,0.2141446812613675,96,98
Psy-Trance,Techno (Peak Time - Driving),0.6179332841645652,0.7502416421747997,3.2460646475118144,4.452062009977692,-0.1363140782126393,0.16330101724389576,97,95
Dance - Pop,Mainstage,0.6133423087671163,0.6890067720996756,2.670679955283322,4.65098306868041,-0.06756816282562794,0.3207183440098938,96,95
Jackin House,Tech House,0.6128227926660056,0.7302369080216667,3.613814854659151,4.735756206596858,-0.1070419568258254,0.27339949097362876,97,98
Progressive House,Trance (Raw - Deep - Hypnotic),0.61204632811005,0.7535590170386763,3.536551754461778,4.100597671691909,-0.25505153087039667,0.13644647680411978,92,96
Dubstep,Trap - Future Bass,0.6114384085911629,0.8095053410280556,4.951031654327211,4.805431312374566,-0.10560946649498448,0.06030688354748688,96,93
Afro House,Melodic House & Techno,0.6037495542458501,0.6765744351106698,2.8824112035525107,3.9384857781920437,-0.1465271182863468,0.32586677576893186,99,94
Funky House,Jackin House,0.6013095372532498,0.7620068460074624,4.01816050983672,4.197236905069942,-0.20192822025231583,0.06298006845208226,98,97
House,Nu Disco - Disco,0.5983780165712196,0.6708668266888054,2.481351635271538,4.518347979529125,-0.03359988316905338,0.22586019664265664,96,96
Bass - Club,Minimal - Deep Tech,0.5956826717192538,0.7393715980101923,4.032537924545417,4.9766572163287055,-0.06544832499281927,0.12208033080774963,97,98
Bass House,UK Garage - Bassline,0.5932200296742248,0.6670286135149471,3.126589551135722,5.115395331269537,-0.10644054370583378,0.31161972972163565,98,96
Psy-Trance,Trance (Raw - Deep - Hypnotic),0.5928432005332626,0.7319080081558506,3.3656207565071656,4.578461592161001,-0.12594006546250758,0.02432730522812286,97,96
Jackin House,Minimal - Deep Tech,0.5919336055380524,0.7398961140290068,4.060078526585621,4.545956266641235,-0.11807771304870851,0.08615474215114484,97,98
Afro House,Progressive House,0.5902925900346477,0.7154701788647506,3.763127832789865,4.110771442643163,-0.1711567814615902,0.1458379313930231,99,92
Hard Techno,Mainstage,0.5804672635688308,0.7831052359386889,6.239752409741116,4.612122901935259,-0.2919031277866522,0.04182765192214575,96,95
Funky House,House,0.5800720879325703,0.7371507289704835,4.417099938265314,4.6000235635795415,-0.2816845753771571,0.034104916221946384,98,96
Indie Dance,Minimal - Deep Tech,0.578322070081665,0.7146591330425232,4.208582447022054,4.324343666371492,-0.1008958916867948,0.09852510448088213,96,98
Electro (Classic - Detroit - Modern),Minimal - Deep Tech,0.5759450245682748,0.7203294431667397,4.239341456571801,5.439571353012345,-0.06612604339924011,0.05096402388123633,96,98
Electronica,Melodic House & Techno,0.5705669597945415,0.6334874986804613,2.735377627023151,4.780192682461687,-0.04009593425566482,0.18258935262791542,95,94
Hard Dance - Hardcore - Neo Rave,Mainstage,0.5685518208164839,0.7122653136609287,5.351074376580451,4.9300782453808445,-0.26853031654204274,0.16993102825323816,98,95
Indie Dance,Organic House,0.5653896154202143,0.666297896760323,3.497965086960538,3.5074989671360073,-0.1178861355878762,0.0998494325705853,96,95
Electro (Classic - Detroit - Modern),Tech House,0.5604086169478819,0.6753482248067522,3.988809458830185,5.198900921610442,-0.1390712110564889,0.08277369444541748,96,98
Electro (Classic - Detroit - Modern),Indie Dance,0.5545002912098869,0.6660238906294791,4.04718318221817,5.443468913594215,-0.04626357285844929,0.0792239739968009,96,96
Techno (Peak Time - Driving),Trance (Main Floor),0.552875753657419,0.6960279027263248,4.96931807066788,4.06350367753882,-0.1978830881403244,0.044518714051236974,95,98
House,Indie Dance,0.5500578231380918,0.6018209258137068,2.8067752782476005,0.11160133809055325,-0.055236584183024906,0.1489635364915835,96,96
Minimal - Deep Tech,UK Garage - Bassline,0.548695267362651,0.6599955622468918,4.419167622971176,5.02369697651004,-0.2558488906420402,0.10641093634357271,98,96
Bass House,Minimal - Deep Tech,0.5484204995411232,0.6575656753014285,4.468374541339403,4.875273168449387,-0.09965424202183804,0.12288868739642415,98,98
House,Minimal - Deep Tech,0.5471661545398795,0.6720431623555552,4.450791986091342,3.8593200476814093,-0.06480128904550475,0.03543494965329414,96,98
Bass House,Jackin House,0.544396239080868,0.621860986042472,4.139687737487348,4.619798460789786,-0.13217464703555226,0.21296987053281632,98,97
Bass - Club,Tech House,0.539178844469773,0.6371315759326126,3.9856446860493246,5.264474058499284,-0.13392503774695297,0.061073924926759206,97,98
Jackin House,Nu Disco - Disco,0.5388987526757926,0.6372751649062398,4.080839475805672,4.464035339544827,-0.08168399493738598,0.07205691168690498,97,96
Afro House,Organic House,0.5373093294149746,0.6045879945769663,3.8211035863492837,3.705808452937382,-0.1083769298908539,0.17955964814968234,99,95
Melodic House & Techno,Trance (Main Floor),0.5356333585709881,0.6594417536201798,5.2467562387256255,3.4292002035088682,-0.18795716761938053,0.0914931764732618,94,98
Deep House,Nu Disco - Disco,0.5332775489306726,0.5940167585186865,3.460611116851294,3.902236557185259,-0.08605297175963522,0.13396673470595197,96,96
Afro House,Electronica,0.516008409600324,0.547837058966247,3.1001494564314904,4.944453325592882,-0.2474616995120218,0.13084859222026207,99,95
Organic House,Trance (Raw - Deep - Hypnotic),0.515582481767455,0.5875092106063253,4.031444764510359,5.0241846316894865,-0.25977740073026534,0.08022380996863418,95,96
Indie Dance,Jackin House,0.5127150805391618,0.5630476957279432,4.378203437418071,5.290341921053735,-0.1769364350989293,0.22542077510731176,96,97
Bass House,Deep House,0.5125942646570838,0.5458450917576452,3.664850829236588,4.913980612475178,-0.12623264591528582,0.2013035403966053,98,96
Techno (Peak Time - Driving),Trance (Raw - Deep - Hypnotic),0.511689574292146,0.5768696427439814,3.7625013261913356,4.646241345098675,-0.17870935581933312,0.05271122699483347,95,96
Bass - Club,UK Garage - Bassline,0.5105100263044923,0.5855432147759243,4.319751612117685,5.876985640551548,-0.15840055540303166,0.08237578311073343,97,96
Techno (Raw - Deep - Hypnotic),Trance (Raw - Deep - Hypnotic),0.5098296409568264,0.590361277722558,4.949453196588346,4.2202683366842795,-0.1771774190767601,0.13972765945007934,98,96
Hard Techno,Trance (Main Floor),0.5081954444983057,0.6466696573766076,6.731614657364396,4.730638036063979,-0.34575863914728844,0.055593312995105615,96,98
Tech House,UK Garage - Bassline,0.5064893907882276,0.5484149024093659,3.7588544721849164,4.933864865765698,-0.2474234648314948,0.14240531698546705,98,96
Bass House,House,0.504892482539717,0.5228529448295172,3.043025717664158,4.937565874200438,-0.0813920784821851,0.1345803000289962,98,96
Bass - Club,Bass House,0.5035134441648639,0.5811732662812928,4.188780249429382,5.229428967983989,-0.1335677899164407,0.01492145939412282,97,98
Melodic House & Techno,Techno (Peak Time - Driving),0.5027790493625919,0.5290189950193152,3.7045200338400455,4.240779621126409,-0.1783087839609876,0.19363673165303022,94,95
Dance - Pop,Trance (Main Floor),0.5026505850418155,0.610574840681652,5.780175955595035,3.7075238944216498,-0.16348546131539243,0.07251216111701608,96,98
Breaks - Breakbeat - UK Bass,Electro (Classic - Detroit - Modern),0.5013390881069613,0.5580709874280982,4.493556557643415,4.4771566054742475,-0.10054524666722986,0.1531506207039539,95,96
Psy-Trance,Techno (Raw - Deep - Hypnotic),0.49359318933310714,0.5689998365815032,5.206894398172892,5.132706183129053,-0.256726537047284,0.11814331539727656,97,98
Drum & Bass,Dubstep,0.4922783127137465,0.5830714880866988,6.928370349560972,5.830549587589388,-0.5080711939993263,0.2352527379488636,93,96
Jackin House,UK Garage - Bassline,0.49160158640017415,0.5478049462273027,4.596907138662907,4.790356666545689,-0.17113324115027262,0.12176123279010605,97,96
Afro House,Trance (Raw - Deep - Hypnotic),0.4905510520752202,0.5162934265671242,3.8431692304099485,4.541424101848738,-0.25902839825603574,0.15690958346249867,99,96
Melodic House & Techno,Progressive House,0.48912670864813995,0.531374031731643,4.603215285435189,2.6759927860008625,-0.07934627515603232,0.1800548248261062,94,92
Mainstage,Melodic House & Techno,0.48910029092473306,0.5065683768821756,3.5626793525180576,4.452485115158677,-0.07600083080105668,0.14620870920273005,95,94
Funky House,Nu Disco - Disco,0.48551236473279025,0.5445509112530256,5.148210525259005,4.01398860302414,-0.20213322552241975,0.15193714829459942,98,96
Drum & Bass,Trap - Future Bass,0.4804367767750738,0.5583082344274428,5.8014745813652775,6.244995602372038,-0.49930693808406024,0.11426960680065235,93,93
Deep House,Organic House,0.4783199623902961,0.5211037886028327,4.3838184270418985,3.7948976938329215,-0.15379727929323606,0.09200362982151403,96,95
Trance (Main Floor),Trance (Raw - Deep - Hypnotic),0.47320332637446405,0.5556877352691114,5.703706433749773,4.312436656218603,-0.2037008071559323,0.043217561022354314,98,96
Deep House,Electro (Classic - Detroit - Modern),0.4728573034827109,0.519057125910185,4.838188347685868,5.607449809794184,-0.22897203197210647,0.111477242401499,96,96
Electro (Classic - Detroit - Modern),Techno (Raw - Deep - Hypnotic),0.4703432584991783,0.5456393104392994,5.517567315988469,5.077215000955143,-0.18760893791931332,0.04194330790472901,96,98
140 - Deep Dubstep - Grime,Dubstep,0.46265029283421627,0.569722356830116,6.970483374111408,5.477533662765638,-0.1999259265096709,0.01011592302344571,95,96
Bass - Club,Indie Dance,0.4594618043376704,0.50136853751431,4.5007462996521355,5.061526297484036,-0.09823869544890851,0.018916320548487034,97,96
Deep House,Funky House,0.456472179155904,0.5123796909940126,5.378746829824429,4.445348894322829,-0.19474271921840702,0.052079213418929404,96,98
Afro House,Downtempo,0.4557211071617786,0.5109405807099252,5.667337434082241,5.423305501362123,-0.39717513962657636,0.08769653359484313,99,90
Amapiano,Downtempo,0.44589590481208763,0.5096887016194528,5.926651091328617,5.1934131162211274,-0.31574279282856454,0.026880378559334384,98,90
Hard Techno,Techno (Peak Time - Driving),0.43116415095915434,0.5172764829299834,7.435734005499827,4.962747257722545,-0.4235575883217171,0.004654732054639838,96,95
Dubstep,Hard Dance - Hardcore - Neo Rave,0.4209412710340168,0.5026156447558501,7.790779641785229,5.56692308752091,-0.3481809415446506,0.010067745920785657,96,98
