feature,ensemble_score,anova,mutual_info,random_forest,extra_trees,variance,cluster_separation
69-BPM,0.6425412949839172,0.3975057803000418,0.7530293253963593,1.0,1.0,0.3333333333333333,0.09225651496301533
2-Energym,0.5977944223280375,1.0,0.31438113666081546,0.4849101223476743,0.7354128530855385,0.3333333333333333,0.4429090923017547
fourier_peak2_bpm,0.513776555298248,0.17306806278218748,0.8292060122792092,0.5720386108516637,0.45618877286464626,1.0,0.21832299046829493
spectral_mod_rate,0.4902883799721204,0.24275902124951237,1.0,0.26487093635263387,0.44648121145932074,1.0,0.09652255670317339
fourier_peak2_mean,0.4607043642573322,0.6150596829935001,0.25574003117147254,0.3103977329098252,0.40252371572909507,0.3333333333333333,1.0
cyclic_fourier_peak1_s,0.44626458560775073,0.3911505108564592,0.4836841489495549,0.33125751326301534,0.9170939041253052,0.3333333333333333,0.14591206498992804
36-Energystd,0.43165543865056144,0.680827773186544,0.23405537045048735,0.29501249601820634,0.34692484610381186,0.6666666666666666,0.3692952847794827
sidechain_mod_depth,0.42828913702985155,0.6614934175204069,0.19200901939488507,0.43223588231661486,0.6159812900224004,0.3333333333333333,0.1233627547075643
78-beats_loudness.mean,0.4274853810640218,0.6258568016035382,0.21223814102439015,0.2382789886115286,0.360110241216984,1.0,0.2690121855340589
energy_sub_ratio,0.4132966146545731,0.49749804020332006,0.24013629193466454,0.44786961151793003,0.6380551546212863,0.3333333333333333,0.2227931738669793
fourier_peak_concentration,0.4009671258150581,0.5727241579810893,0.22994607862218744,0.2334847098434562,0.3351274221621298,0.3333333333333333,0.8149748196900427
tempogram_fast_slow_ratio,0.3996839098388905,0.5603984598081637,0.3493559894457363,0.2976487276537307,0.47198234354593877,0.3333333333333333,0.26052666601732066
sub_bass_ratio,0.3891119410355103,0.5321166333435495,0.2342230226516346,0.42276110433236724,0.44284419127080976,0.3333333333333333,0.24925995278867757
cyclic_fourier_peak3_s,0.3834915393054761,0.13624731806096632,0.6250623505637994,0.2492854725950067,0.4697628271139478,1.0,0.040957210913811354
73-bpm_histogram_first_peak_weight,0.37820984861465695,0.47813311552201704,0.16987979330332684,0.19460389238817394,0.31130358045535056,1.0,0.39084295527549917
cyclic_fourier_peak2_s,0.37416313782067756,0.23687253041046874,0.4950383439924662,0.2904801561741558,0.5513504414477379,0.6666666666666666,0.08472072300908647
6-SpectralEntropym,0.3649994473942722,0.3628447349905555,0.15244521905197014,0.22840386151644362,0.3071934180664531,1.0,0.5203943482298262
cyclic_fourier_peak2_mean,0.3643810254442361,0.5256383694922621,0.23174879754776434,0.26160423764305596,0.47964602522066613,0.3333333333333333,0.2902058891657333
energy_ratio_low,0.34142402480563866,0.4182388863791923,0.17889979410638943,0.21587188261317328,0.43716565300695637,0.3333333333333333,0.5900178658255123
cyclic_auto_peak2_s,0.33783255084579383,0.3354047680044725,0.35517388739229633,0.16575512602877418,0.6437771070535452,0.3333333333333333,0.19895656769096487
spectral_mod_strength,0.33763976872842855,0.46552116359740203,0.1711947218327655,0.1125680806663146,0.1900697370078707,1.0,0.3599645677808143
kick_prominence,0.33724362646956735,0.40833560144959175,0.16721934724026102,0.17229569324491933,0.3440905082703089,1.0,0.15643141769586996
tempo_features_mean,0.3361894195148056,0.41067715828646423,0.22632353058661053,0.2234084336870121,0.5111276671477436,0.3333333333333333,0.3357125368297013
auto_peak1_bpm,0.32974679215768626,0.23131533336283824,0.7353048090194626,0.13934586075568198,0.31220147274053084,0.3333333333333333,0.16824270617534817
7-SpectralFluxm,0.3195081732467306,0.44730153837917713,0.15703947475487,0.18096865985447794,0.2641211675231823,0.3333333333333333,0.6712965326825605
cyclic_fourier_peak4_s,0.3165579915886659,0.12070279933880174,0.5953093714939826,0.11178010606321209,0.28129966110421817,1.0,0.027694470768938273
cyclic_fourier_entropy,0.3164077356344735,0.4409080808083679,0.14741029306035935,0.2040990864455049,0.201569089051616,0.6666666666666666,0.3897680950679959
76-bpm_histogram_second_peak_weight,0.31416293379626803,0.4823384989032622,0.16854539137132166,0.18537771694453783,0.2932771942313337,0.3333333333333333,0.45468774939247164
72-bpm_histogram_first_peak_bpm,0.3112285483820865,0.13480073247259652,0.8286505931610302,0.20778306337885494,0.22273254928677866,0.3333333333333333,0.034984182296102055
80-onset_rate,0.3019203057722524,0.4016498835503261,0.18997959131767397,0.13305644914412126,0.22998834244651378,0.6666666666666666,0.35735708758668067
fourier_peak1_mean,0.29837830184025155,0.4407384338570465,0.17425770334320023,0.1428958625524152,0.10839115963460172,0.3333333333333333,0.7517097291834324
fourier_peak3_bpm,0.2957607692925448,0.12028002024151611,0.820002885396063,0.1515745693746664,0.22348081777508147,0.3333333333333333,0.04519817278424344
energy_ratio_high,0.29204250154660766,0.3805546898973217,0.16032281258234657,0.24652296089842562,0.3041889229020145,0.3333333333333333,0.3657300260748727
fourier_peak5_std,0.2896087905996365,0.3376584144155108,0.1050487074837817,0.07918852262066321,0.11828124646758004,1.0,0.506045540047328
spectral_contrast_band7_std,0.2852219185643121,0.2798710697753569,0.11374542827570461,0.12787591575348506,0.1486901554726766,1.0,0.44626358993733434
9-MFCCs1m,0.2831342443576663,0.411011253658564,0.15030072155375607,0.1603110506685074,0.18284938438015233,0.3333333333333333,0.5749833550821647
4-SpectralCentroidm,0.282138668307538,0.3721265158997534,0.149559937039732,0.19107195545593553,0.2568274814654874,0.3333333333333333,0.4912320528030966
spectral_contrast_band5_mean,0.2812061489802938,0.312231710208,0.13702662365965745,0.11274345045722284,0.16431091862295039,1.0,0.28547568811475177
fourier_peak5_bpm,0.28059806984130975,0.11473489557920938,0.7440943185110278,0.09697915618196683,0.07783336083256731,0.6666666666666666,0.053579802163567496
34-ChromaDeviationm,0.27898694024262116,0.3240649121419072,0.116201938041932,0.0765689312744763,0.21941259391107393,0.3333333333333333,0.9317131592386826
auto_peak3_mean,0.27629782731613217,0.3643334960343208,0.16812356577895457,0.16995103447491564,0.21798968784634934,0.3333333333333333,0.5156774674649218
41-SpectralFluxstd,0.2757856696411067,0.44242698093494603,0.1580411331851044,0.172484084895601,0.30012376796622425,0.0,0.5405531559629544
1-ZCRm,0.2752272221591604,0.39070721866821534,0.16331725447493284,0.14710778757102475,0.2017767729553327,0.3333333333333333,0.5186555980628181
rms_std,0.27467921222724995,0.4842503942979422,0.19519336908889054,0.06346388471947532,0.20912449543472386,0.3333333333333333,0.3718315524254932
cyclic_auto_peak1_mean,0.2731481434908571,0.2556622502302846,0.22717380410850838,0.35099864710394335,0.34677942993810384,0.3333333333333333,0.08247842866746669
fourier_peak1_std,0.27289604092890096,0.2687787478682695,0.12268970352976738,0.10376934074592496,0.07477586897529426,1.0,0.49193164760401004
75-bpm_histogram_second_peak_spread,0.27001182093801834,0.31754958133902134,0.4922947754621491,0.06766012632262806,0.29673210363829683,0.0,0.3412362970056304
81-beats_loudness_band_ratio.mean1,0.26919476306199663,0.2471351887071774,0.0950568062572193,0.15557933565956272,0.2645699467858208,1.0,0.17598245483972755
85-beats_loudness_band_ratio.mean5,0.26744814530860894,0.2716340033491352,0.11642520200440701,0.13625675191505254,0.20448368956581847,1.0,0.1833070025256045
79-beats_loudness.stdev,0.2642814160443208,0.334104297555816,0.11759514928794294,0.07528262113093911,0.13661770401120066,1.0,0.2168713196991031
cyclic_fourier_peak5_std,0.2636666601009121,0.2658104898489123,0.0838857949503439,0.08083353879626555,0.13177790221798583,1.0,0.445034855566643
dynamic_range_db,0.26178498883827905,0.42003453324013135,0.15009854736424932,0.21346546991537171,0.15096611479047226,0.3333333333333333,0.2808530152041788
70-BPMconf,0.26149117647074666,0.3995134265763055,0.16039530591419218,0.10258889081246564,0.259149746824894,0.3333333333333333,0.3681018512427126
auto_peak2_bpm,0.26118807985817744,0.12135865426730037,0.7274191751151821,0.09633968758444095,0.1674224659300199,0.3333333333333333,0.07649940528591394
auto_peak2_mean,0.26117973273160894,0.36221729066688324,0.13946089609528683,0.1549284131065854,0.1916539336533868,0.3333333333333333,0.4966612484317233
cyclic_auto_peak5_mean,0.25782135449918575,0.21867803985768453,0.1593543487658898,0.14797047814067452,0.20754589791021189,1.0,0.10554994466919945
rms_skew,0.2565912553311724,0.4239854398819844,0.14717696092233307,0.15839553671127468,0.2432968712925982,0.3333333333333333,0.1965253180673169
fourier_peak4_bpm,0.255805123046882,0.11429869917318733,0.7742247147316341,0.06244119835953189,0.15082870761098896,0.3333333333333333,0.039396261603702784
auto_peak1_mean,0.24888737247673376,0.28210215184931187,0.1035752099428777,0.09599752916299213,0.19638270098575636,0.6666666666666666,0.4232321487870172
35-ZCRstd,0.23795181479722863,0.34721386353308065,0.1291893690607419,0.11521964276985525,0.1970779224596904,0.3333333333333333,0.3937152484555214
fourier_peak3_std,0.23726568133138243,0.3438732339201837,0.11536074858278272,0.13576537381357728,0.13627006463402688,0.3333333333333333,0.47298305343627134
cyclic_auto_peak2_mean,0.23725072138742426,0.29447412388042316,0.1936551141664178,0.13610825096820706,0.2783073118316218,0.3333333333333333,0.2260008728231687
cyclic_auto_entropy,0.2349552645802125,0.3432949990378402,0.12613670895297532,0.10959324131885997,0.17772930360825898,0.0,0.7532612922514651
cyclic_auto_peak1_s,0.23139117895749012,0.2765264144788202,0.11072045655647964,0.06786545877917315,0.31088767721962146,0.6666666666666666,0.13242574021044626
fourier_peak4_std,0.23041822702705975,0.3430977429525124,0.1095509856716107,0.0938942051551607,0.13798657220856664,0.3333333333333333,0.4992343395895903
auto_peak3_bpm,0.22940269878428834,0.04905814970423526,0.6736194563562576,0.015061416068198491,0.05494511278240296,0.6666666666666666,0.044935532893111925
11-MFCCs3m,0.22037156955955234,0.30141023196272937,0.12643035960350651,0.08902813358677815,0.08243014133626574,0.6666666666666666,0.2289612506370652
fourier_peak1_bpm,0.216349978779405,0.22172431078949917,0.14398562899647943,0.11998051444339622,0.3283331631554186,0.0,0.5887569792074229
spectral_contrast_band4_mean,0.21398528485172438,0.22443286249797859,0.08905338725543377,0.049591247655380234,0.10023468848342101,1.0,0.15112938972553783
74-bpm_histogram_second_peak_bpm,0.21287687513727316,0.05684918170507338,0.7149127939217133,0.047122147531013146,0.06662735486420263,0.3333333333333333,0.029301548574958182
38-SpectralCentroidstd,0.2127966175808377,0.31629578751628645,0.1275432024444517,0.07864508276332745,0.12271530095765874,0.3333333333333333,0.4074438518322811
spectral_contrast_band6_mean,0.2125026682926101,0.31711040082668107,0.10898294610371285,0.1074870107565527,0.16451369075583214,0.3333333333333333,0.3192068976717857
37-EnergyEntropystd,0.20748756034588764,0.30066584700983034,0.123978127028361,0.09209706277353572,0.13337721020769033,0.3333333333333333,0.3576614576856383
25-ChromaVector4m,0.20560321044118524,0.2236795892433087,0.07505358425574506,0.04715799320772328,0.04928910867722036,0.6666666666666666,0.511809646694147
10-MFCCs2m,0.2035072313789985,0.3364655131916666,0.1336857312097639,0.10116872644935263,0.17795680088270355,0.0,0.4572644141685302
3-EnergyEntropym,0.2027143612050419,0.3093777103130733,0.12010546076652398,0.10066088241101151,0.08559353391238747,0.3333333333333333,0.3504430157107501
sidechain_mod_rate,0.20243653280120938,0.26875913109838023,0.09738876301084536,0.04298395080646713,0.10668510412361025,0.6666666666666666,0.24502774977943617
57-ChromaVector2std,0.1982953056499916,0.13533831855358386,0.048571302193931944,0.02763478580367331,0.028142681610310267,1.0,0.44998106170528007
43-MFCCs1std,0.19783603293148488,0.2417720174283309,0.07542496984897394,0.0572039148318162,0.06522784244590481,0.6666666666666666,0.34416408604691745
fourier_peak2_std,0.19642054346202292,0.25197315701512435,0.08842261347269845,0.07830568516174084,0.163667152938338,0.3333333333333333,0.4219818820726996
18-MFCCs10m,0.19206823387131952,0.19175116058273925,0.04436718083656197,0.03753238937000848,0.044371598672758104,1.0,0.2109478988340688
49-MFCCs7std,0.1915046307198408,0.24360333589444075,0.08775011700212262,0.05848529865576252,0.051537776092808754,0.6666666666666666,0.2695938053406561
spectral_contrast_band7_mean,0.1908828069815076,0.18514655347484896,0.11720572548338055,0.0707913790393504,0.09799637643352786,0.6666666666666666,0.25630624576553346
64-ChromaVector9std,0.18900782811481837,0.12319068951949531,0.04043343705051983,0.02814928029843662,0.013577388759267053,1.0,0.42457003951263167
cyclic_fourier_peak1_std,0.1874350042284178,0.24462333422053748,0.10884413315152529,0.0755857431232143,0.15458335446429536,0.3333333333333333,0.3287235891535789
cyclic_fourier_peak4_std,0.18736033963461463,0.2728709183799336,0.0783008070201823,0.06733034522597177,0.07608907197041112,0.3333333333333333,0.452696854615054
cyclic_fourier_peak3_std,0.18501640387831575,0.2667974055843068,0.08405616701791196,0.052167243892046765,0.11955392815533991,0.3333333333333333,0.39805947743612996
63-ChromaVector8std,0.18427454159649173,0.12297517872133841,0.024260143780090178,0.01698218056547261,0.005591304474911572,1.0,0.44443586375807825
86-beats_loudness_band_ratio.mean6,0.17834674579550172,0.23068008321051106,0.10264170525986742,0.11977676246610687,0.14792114585886942,0.3333333333333333,0.20671526235515345
spectral_flatness_mean,0.17819919297585632,0.23527391835429778,0.15417167759672,0.07748374232938579,0.08118793614325269,0.3333333333333333,0.2753810564723947
87-beats_loudness_band_ratio.stdev1,0.17672194674692213,0.2615464292253466,0.10577677884309679,0.08414245791866064,0.17781210298630823,0.3333333333333333,0.1334634330695441
auto_peak5_bpm,0.17651784833635153,0.048126534845181736,0.6123308426549546,0.010096224152435765,0.02299473677549376,0.3333333333333333,0.03218257413920624
auto_peak4_std,0.17643660310874912,0.19867756662316594,0.0790610789476899,0.034027100491262494,0.05531690560294482,0.6666666666666666,0.29185373058058756
91-beats_loudness_band_ratio.stdev5,0.17563666624628746,0.27511735023882516,0.09771776345474564,0.0694596872009613,0.15126708062540356,0.3333333333333333,0.17398443128295907
cyclic_fourier_peak1_mean,0.17451494454173744,0.2419637162591942,0.11056325039270877,0.07613944941363558,0.14235366448075468,0.3333333333333333,0.21997092510223487
32-ChromaVector11m,0.17367655808378415,0.23632430715308705,0.0779073092253975,0.045656332958099906,0.06393349630741135,0.3333333333333333,0.46959395079367877
auto_peak4_bpm,0.17290038822498624,0.03375343516144176,0.6283731022515625,0.001868884108196571,0.017309419234607527,0.3333333333333333,0.02483885944149538
cyclic_fourier_peak4_mean,0.1721807411990201,0.2552308576134886,0.10248441380254393,0.09523975242218702,0.09652438444826107,0.3333333333333333,0.21016202550129273
47-MFCCs5std,0.17215515330061296,0.2808107543890356,0.082124729150487,0.06566538354171432,0.07905716916145575,0.3333333333333333,0.27202533457362094
spectral_flatness_std,0.16849530318751815,0.27325367684505464,0.13430042884697246,0.041848789151964015,0.08619940750265341,0.3333333333333333,0.18688795917735837
51-MFCCs9std,0.16754578082241162,0.2534536672419109,0.10106570433772036,0.05920505545103518,0.06511327521358082,0.3333333333333333,0.2902788743881234
60-ChromaVector5std,0.16723870407934796,0.10330141270157317,0.00931777725534708,0.003878272681912912,0.0,1.0,0.38774140916502664
5-SpectralSpreadm,0.16702055124717025,0.24126074637946415,0.08121521572183157,0.056297202896393304,0.11067831789805402,0.3333333333333333,0.29267799910617814
77-danceability,0.1668591553258294,0.22533440968262564,0.10439098813899547,0.08319913508161049,0.11552459935761392,0.3333333333333333,0.2234550502407639
45-MFCCs3std,0.16636384596424267,0.25824417448968184,0.09953852721216401,0.07093798433475061,0.060015419819938805,0.3333333333333333,0.2537185372611511
42-SpectralRolloffstd,0.16534758224900648,0.16606505924307366,0.07433593319384058,0.03495423000853455,0.033390998363915646,0.6666666666666666,0.30297968376509016
20-MFCCs12m,0.1646735989649781,0.1372116948816239,0.03604040865076091,0.0364076675643424,0.020537965021794245,1.0,0.12800365248282308
30-ChromaVector9m,0.1637308058967962,0.23109660536698887,0.08710519359097069,0.0618322597174734,0.0207205754636752,0.3333333333333333,0.3972774424047553
33-ChromaVector12m,0.16200096026863992,0.22239664775363663,0.06678539198339731,0.019860121101408966,0.0491785564017508,0.3333333333333333,0.4836257891967353
energy_variance_8bar,0.1617710474959875,0.3388980784959499,0.11879262064556075,0.05926205732116105,0.16283637115184288,0.0,0.17010136605879217
cyclic_fourier_peak5_mean,0.16040193192854593,0.24635605418881656,0.08885550533958336,0.06453942631358979,0.12691422777769756,0.3333333333333333,0.1576346455071919
cyclic_fourier_peak5_s,0.1596624398348022,0.04313723631516245,0.5023912160101374,0.03539309380756736,0.04475738281004707,0.3333333333333333,0.012743280376302488
auto_peak3_std,0.15907992837242044,0.2122743093164,0.08644301937859739,0.06556894357201094,0.07826828287201955,0.3333333333333333,0.30535382689062496
cyclic_fourier_peak3_mean,0.1572798644723777,0.2843049179242509,0.14070986624162396,0.08758318305086597,0.12260026505388635,0.0,0.22154985374734074
23-ChromaVector2m,0.15558805620566035,0.19405550559019225,0.06934592863720271,0.01770409647683357,0.052904939721867994,0.3333333333333333,0.4839510049369151
84-beats_loudness_band_ratio.mean4,0.1531547226476101,0.24134254312854506,0.08589215774427868,0.05793054575081743,0.07705467585331412,0.3333333333333333,0.19163011455124163
46-MFCCs4std,0.15285198656264234,0.24349094565864776,0.0839308998787442,0.053469855249727166,0.043467644595836456,0.3333333333333333,0.2464561909957733
29-ChromaVector8m,0.1524324573379413,0.20582651705763383,0.07828558514118664,0.034250092335892685,0.07630927191457594,0.3333333333333333,0.3368896845759727
52-MFCCs10std,0.15197663128013567,0.21703994564405746,0.08183037380748757,0.05427195279559343,0.04776079697383085,0.3333333333333333,0.2999872666909715
cyclic_auto_peak3_mean,0.1511858582339194,0.14534112328269932,0.1360231205739834,0.09899774186623392,0.16868231022614252,0.3333333333333333,0.0921072505794638
24-ChromaVector3m,0.1508865771578356,0.19680189865321573,0.06776669142010339,0.028179801124176063,0.036790386419803915,0.3333333333333333,0.43644912689371845
48-MFCCs6std,0.1508710461284148,0.24258755620943637,0.07459475783959138,0.030208175667552163,0.059247553019996825,0.3333333333333333,0.27043104088294123
hp_ratio_std,0.15032985978913393,0.20524423885853973,0.06804762022829737,0.04940078310738478,0.07666946049806546,0.3333333333333333,0.30695366999319407
92-beats_loudness_band_ratio.stdev6,0.14974793968131703,0.18816825787753294,0.08562968952408216,0.07611597234851232,0.14057659206387554,0.3333333333333333,0.15936920694500237
50-MFCCs8std,0.14860562372940073,0.22065741868517327,0.08761667908037905,0.042914053155644734,0.04395334141488164,0.3333333333333333,0.27408788065337064
hp_ratio_mean,0.1485081931006513,0.1452319829462118,0.04440985086624481,0.03686423133011801,0.04542739016740997,0.6666666666666666,0.22464605733047613
16-MFCCs8m,0.1482878828526953,0.17564915393385835,0.06462083781321441,0.011019326015842892,0.01785662336453837,0.6666666666666666,0.19902401432071842
31-ChromaVector10m,0.14827769045921443,0.19797397987957463,0.06584215190517201,0.05197632778110053,0.05132866718358717,0.3333333333333333,0.3418786614119488
21-MFCCs13m,0.14739436471502868,0.10368618724168467,0.029737028316872745,0.020264680125281802,0.010622063469949363,1.0,0.09879166695684205
26-ChromaVector5m,0.14737151537975185,0.19758920476183223,0.07313313039635647,0.021671044423224785,0.03787602872618719,0.3333333333333333,0.39998641583116123
28-ChromaVector7m,0.14702406375639665,0.2027606489669861,0.07279504814277549,0.026241823573163056,0.03435388670619427,0.3333333333333333,0.38040110832199975
spectral_contrast_band5_std,0.146536468810672,0.2085764568094926,0.07238830290822972,0.04952793061047712,0.0678647163946571,0.3333333333333333,0.264960671120256
rms_kurtosis,0.1452130350915902,0.23478822337090935,0.07500104631313488,0.04900976505080049,0.09817172565236446,0.3333333333333333,0.13654724794887774
12-MFCCs4m,0.14408678757181875,0.21042620032744627,0.0712920163607554,0.06895836590714943,0.06835004989761725,0.3333333333333333,0.1984432021840028
14-MFCCs6m,0.1432056425108116,0.21301394824777778,0.09244183822972626,0.042109952197271205,0.02588013067277125,0.3333333333333333,0.2582644442921864
cyclic_auto_peak3_s,0.1428512750322047,0.15729908181733426,0.2529251581419288,0.027289765374637072,0.23660238934944086,0.0,0.1199316147214183
56-ChromaVector1std,0.1414725390248392,0.1525229391127835,0.04554996968396858,0.027655401606753338,0.05279968751807936,0.3333333333333333,0.4744744352745368
53-MFCCs11std,0.14078853788914109,0.1992369463442489,0.06688997873731059,0.0396256963975632,0.06871104162493132,0.3333333333333333,0.2603617669903106
15-MFCCs7m,0.14045575334116941,0.20042402996753148,0.08356488273527532,0.04077095052236862,0.036624363714782275,0.3333333333333333,0.2665559130720706
auto_peak2_std,0.13975912636492166,0.1855971768965059,0.08875474765168086,0.04602769851565683,0.029399919898414253,0.3333333333333333,0.2866002158923218
cyclic_auto_peak4_s,0.13742508365531805,0.05251273544202556,0.2840823560006736,0.0397906032152012,0.15936961869196006,0.3333333333333333,0.02283531814509361
groove_pump_ratio,0.1369187519111586,0.0,0.1554768821287499,0.14706268775933062,0.06496114177917203,0.6666666666666666,0.0
spectral_contrast_band4_std,0.135823612517017,0.20266579223644574,0.053256779089983754,0.06292367248007243,0.05310082713317603,0.3333333333333333,0.20622616740584607
22-ChromaVector1m,0.13563022540566777,0.1678682458536274,0.04253726813403588,0.029521076383915393,0.0468365158388406,0.3333333333333333,0.3889268432951124
13-MFCCs5m,0.1352626424992935,0.17630002799213793,0.06471984944004619,0.04701454739421165,0.06283748462249876,0.3333333333333333,0.2608180010769931
68-ChromaDeviationstd,0.1336137725019117,0.1708536953198642,0.05741092498003514,0.03668754232189221,0.03128784447381342,0.3333333333333333,0.3405414520715482
62-ChromaVector7std,0.1323573228335577,0.15168361260399618,0.030918425450975937,0.028498446038436345,0.004726571687013269,0.3333333333333333,0.4851072629829086
cyclic_auto_peak4_mean,0.13101000151774017,0.16590327112602932,0.16418778561475536,0.11759988591359136,0.16030259103119968,0.0,0.09131260775883544
cyclic_auto_peak1_std,0.12979754230820828,0.1865232230453875,0.09581339564967044,0.07220063667768344,0.12181361167137233,0.0,0.3129188833068477
40-SpectralEntropystd,0.129756886039089,0.1711006235301513,0.07235454778225735,0.020733723509557798,0.025925381526880502,0.3333333333333333,0.31141935335822735
cyclic_fourier_peak2_std,0.12949142348495027,0.22066420211152624,0.06597621274388603,0.08473718885851904,0.14236804740569547,0.0,0.22827485525733385
55-MFCCs13std,0.12854032977959173,0.16594242894071004,0.06104664650730584,0.055236702654186974,0.06219479427074042,0.3333333333333333,0.2113550023817125
89-beats_loudness_band_ratio.stdev3,0.12848478281654724,0.11433531784678445,0.02686219248976611,0.0,0.02237392486756068,0.6666666666666666,0.24505759460097137
83-beats_loudness_band_ratio.mean3,0.12699193829388894,0.18292277977606897,0.05725799955152793,0.02691792300892025,0.026980013586096335,0.3333333333333333,0.2704572346653429
cyclic_auto_peak2_std,0.12573215890621897,0.11840301920699606,0.07053265303571518,0.0669195135356405,0.10892653775540612,0.3333333333333333,0.1896865679355459
auto_peak5_std,0.12563451698262623,0.22476825607786968,0.09156563554684456,0.04565888368412005,0.08385872860535928,0.0,0.29418739826162005
auto_peak1_std,0.12336007372706828,0.1526796340557025,0.07177324399959432,0.022928192687734984,0.04451162545355292,0.3333333333333333,0.26239800724310536
cyclic_auto_peak5_std,0.12280389170286615,0.10736400674059558,0.03047932279294304,0.022239297893334974,0.013284321779512687,0.6666666666666666,0.1675985094686807
61-ChromaVector6std,0.12220916159093871,0.141099277541261,0.0028652680477388543,0.017685276584007092,0.015862702200488774,0.3333333333333333,0.4711149461586762
spectral_contrast_band1_std,0.12188337582579058,0.17668415606965274,0.052850523847079264,0.060807914627731094,0.08712389869946624,0.3333333333333333,0.08578730975162051
66-ChromaVector11std,0.1211490876920693,0.1247406218571121,0.0258932635286277,0.02608088584164485,0.016834368518686024,0.3333333333333333,0.4371061374260053
58-ChromaVector3std,0.12090813577803654,0.11844322943090471,0.040495431448477996,0.025687308145666575,0.011378663439186894,0.3333333333333333,0.4302064765227008
44-MFCCs2std,0.11859108526817819,0.18307023179260984,0.05208605281050274,0.03619588391272882,0.02144716884254125,0.3333333333333333,0.18616731315664914
cyclic_auto_peak5_s,0.11691321074134545,0.10721676557191712,0.20745328260296766,0.08166993392238472,0.19663812545378617,0.0,0.027886572252277485
17-MFCCs9m,0.11138108601291818,0.14911268767851,0.04496169960938594,0.030306957836212844,0.04660615878913298,0.3333333333333333,0.18724925452467647
65-ChromaVector10std,0.10888504867762644,0.14596229966107138,0.04209684325930335,0.04351777691423497,0.04859333936077816,0.0,0.479825488235342
spectral_contrast_band6_std,0.1064652295404943,0.18261314486382313,0.06196860123071009,0.06589898569952679,0.08421933462590336,0.0,0.22605525744605626
59-ChromaVector4std,0.10429320251405307,0.09617028596078189,0.021216643776790077,0.02104996812342785,0.00947680615742742,0.3333333333333333,0.3704245438686655
cyclic_auto_peak3_std,0.10427201123885134,0.11110740128970235,0.039782952912247455,0.03270591096386175,0.05223241825463671,0.3333333333333333,0.20829192069675054
54-MFCCs12std,0.10264980423877185,0.18697706536271838,0.06721852046743276,0.04089294484678111,0.0606239627516692,0.0,0.2518965042249909
spectral_contrast_band3_std,0.10037217334712263,0.07846284584292369,0.00483416025686578,0.032254063735736,0.010473822265091776,0.6666666666666666,0.05101077081440917
spectral_contrast_band1_mean,0.09656376951295537,0.18000011525700177,0.06699591367568822,0.045292133478332955,0.12004055160903927,0.0,0.11100048526544803
27-ChromaVector6m,0.09558745220184943,0.18014643383845508,0.05082041780706347,0.015315230991924129,0.011898114636109966,0.0,0.35538996787021643
39-SpectralSpreadstd,0.09341576903666911,0.15564727536404363,0.06192614169335726,0.04216026211676626,0.07164650000553124,0.0,0.2293969443280382
82-beats_loudness_band_ratio.mean2,0.08824402810964883,0.11257682182184377,0.02187986624268795,0.05358627006649998,0.04477023353210224,0.3333333333333333,0.04957727029201646
90-beats_loudness_band_ratio.stdev4,0.08790668891716419,0.19729216615058104,0.04715353942717374,0.0419160279995085,0.022650559798367012,0.0,0.1737214992442743
cyclic_auto_peak4_std,0.08541386887769867,0.139541047602929,0.038333015244883015,0.07807846417317248,0.0899171696322968,0.0,0.1375873564851079
67-ChromaVector12std,0.0789727273999519,0.127617781128462,0.015844147057404903,0.013082653436191697,0.001993579907640478,0.0,0.40983885032971
spectral_contrast_band3_mean,0.07489052070621821,0.08793470749865906,0.008086783080907435,0.05284099609447957,0.023631259174739416,0.3333333333333333,0.03843265786931789
19-MFCCs11m,0.07342061828326665,0.09460313461729859,4.26362531704475e-05,0.030898400261278484,0.008890752554998053,0.3333333333333333,0.08914681109469176
spectral_contrast_band2_mean,0.06920167401109029,0.08589033738914803,0.011576931642761974,0.033992541278172056,0.016623451317294792,0.3333333333333333,0.02788344048688907
spectral_contrast_band2_std,0.06018694640150367,0.059596465039393774,0.012438611182741578,0.03182304357846752,0.006047006600256049,0.3333333333333333,0.02195114866041668
88-beats_loudness_band_ratio.stdev2,0.027591375009755177,0.06376517277293715,0.0,0.02391509596245609,0.018583044728616337,0.0,0.04079605914737215
