genre1,genre2,similarity,criterion,co_occurrences
Hard Dance - Hardcore - Neo Rave,Hard Techno,0.8706202091831685,high_similarity,
Minimal - Deep Tech,Tech House,0.8594945527831465,high_similarity,
140 - Deep Dubstep - Grime,Trap - Future Bass,0.8287452572524794,high_similarity,
Organic House,Progressive House,0.8056198335131511,high_similarity,
Deep House,Jackin House,0.7755349129724528,high_similarity,
Dubstep,Trap - Future Bass,0.7735146353046082,high_similarity,
Deep House,Minimal - Deep Tech,0.7658527942950345,high_similarity,
House,Jackin House,0.7592760005406557,high_similarity,
Mainstage,Trance (Main Floor),0.7494796945696611,high_similarity,
Mainstage,Techno (Peak Time - Driving),0.7358116745813171,high_similarity,
Bass - Club,Electro (Classic - Detroit - Modern),0.7200832960075486,high_similarity,
Funky House,Jackin House,0.7035618038787815,high_similarity,
Bass House,Tech House,0.6967908008213313,high_similarity,
Deep House,House,0.6865459932343766,high_similarity,
Ambient - Experimental,Electronica,0.6761405819690872,high_similarity,
Hard Techno,Trance (Main Floor),0.6721126565439659,high_similarity,
Drum & Bass,Dubstep,0.6622490450187429,high_similarity,
Hard Techno,Mainstage,0.6606099801947071,high_similarity,
Psy-Trance,Techno (Peak Time - Driving),0.6422781001780425,high_similarity,
Hard Dance - Hardcore - Neo Rave,Mainstage,0.6408936572670264,high_similarity,
Progressive House,Trance (Raw - Deep - Hypnotic),0.6345759275817878,high_similarity,
Bass - Club,Minimal - Deep Tech,0.6326860585047983,high_similarity,
Funky House,House,0.6299007069580205,high_similarity,
Electro (Classic - Detroit - Modern),Minimal - Deep Tech,0.6196407663773479,high_similarity,
Techno (Raw - Deep - Hypnotic),Trance (Raw - Deep - Hypnotic),0.6097076900471314,high_similarity,
Deep House,Tech House,0.6085386627797004,high_similarity,
Drum & Bass,Trap - Future Bass,0.6047334398086105,high_similarity,
Jackin House,Minimal - Deep Tech,0.5872422262795925,frequent_cooccurrence,4.0
House,Nu Disco - Disco,0.5839216239288959,frequent_cooccurrence,5.0
Bass House,UK Garage - Bassline,0.58263400446615,frequent_cooccurrence,5.0
Techno (Peak Time - Driving),Trance (Main Floor),0.5784582311576948,frequent_cooccurrence,5.0
Indie Dance,Minimal - Deep Tech,0.5734024563262959,frequent_cooccurrence,6.0
Electro (Classic - Detroit - Modern),Indie Dance,0.5705674040555305,frequent_cooccurrence,6.0
Afro House,Organic House,0.5701728181161153,frequent_cooccurrence,4.0
Deep House,Indie Dance,0.5592604394279155,frequent_cooccurrence,6.0
Dance - Pop,Mainstage,0.5585153540673754,frequent_cooccurrence,5.0
Afro House,Progressive House,0.554849578974497,frequent_cooccurrence,4.0
Psy-Trance,Trance (Raw - Deep - Hypnotic),0.5490428724284498,frequent_cooccurrence,3.0
Electro (Classic - Detroit - Modern),Techno (Raw - Deep - Hypnotic),0.5482728238551536,frequent_cooccurrence,4.0
House,Tech House,0.5371243544755917,frequent_cooccurrence,5.0
Melodic House & Techno,Techno (Peak Time - Driving),0.5315588887430024,frequent_cooccurrence,5.0
Mainstage,Melodic House & Techno,0.5284795988310718,frequent_cooccurrence,5.0
Dubstep,Hard Dance - Hardcore - Neo Rave,0.5278879843078645,frequent_cooccurrence,3.0
Dance - Pop,Trance (Main Floor),0.5241408046205956,frequent_cooccurrence,5.0
Melodic House & Techno,Trance (Main Floor),0.5214629761669,frequent_cooccurrence,5.0
Afro House,Melodic House & Techno,0.5203633949578538,frequent_cooccurrence,5.0
Jackin House,Tech House,0.5152830836708618,frequent_cooccurrence,5.0
Bass House,Minimal - Deep Tech,0.5132453729867957,frequent_cooccurrence,4.0
140 - Deep Dubstep - Grime,UK Garage - Bassline,0.5116219722432308,frequent_cooccurrence,4.0
Techno (Peak Time - Driving),Trance (Raw - Deep - Hypnotic),0.49695036651209623,frequent_cooccurrence,3.0
140 - Deep Dubstep - Grime,Dubstep,0.49583722230877325,frequent_cooccurrence,3.0
Breaks - Breakbeat - UK Bass,Trap - Future Bass,0.4933250057359214,frequent_cooccurrence,5.0
House,Minimal - Deep Tech,0.48975955353408496,frequent_cooccurrence,4.0
Indie Dance,Tech House,0.48452252764762893,frequent_cooccurrence,5.0
Electro (Classic - Detroit - Modern),Tech House,0.4817861386771096,frequent_cooccurrence,4.0
Afro House,Electronica,0.480365507976541,frequent_cooccurrence,5.0
Bass - Club,Deep House,0.4797691017263719,frequent_cooccurrence,6.0
Hard Dance - Hardcore - Neo Rave,Trance (Main Floor),0.4745933733773273,frequent_cooccurrence,5.0
Electronica,Melodic House & Techno,0.47017733170078113,frequent_cooccurrence,5.0
Hard Techno,Techno (Peak Time - Driving),0.46217156400716264,frequent_cooccurrence,5.0
Downtempo,Electronica,0.4611750185536412,frequent_cooccurrence,5.0
Ambient - Experimental,Melodic House & Techno,0.4586911291013389,frequent_cooccurrence,5.0
Trap - Future Bass,UK Garage - Bassline,0.4573555625638699,frequent_cooccurrence,5.0
Melodic House & Techno,Progressive House,0.4540575328398071,frequent_cooccurrence,4.0
Progressive House,Trance (Main Floor),0.4504234093070072,frequent_cooccurrence,5.0
Bass - Club,UK Garage - Bassline,0.44827792304034364,frequent_cooccurrence,5.0
Breaks - Breakbeat - UK Bass,Drum & Bass,0.4477547932206527,frequent_cooccurrence,3.0
Funky House,Nu Disco - Disco,0.438822711094182,frequent_cooccurrence,5.0
Trance (Main Floor),Trance (Raw - Deep - Hypnotic),0.43735046090281826,frequent_cooccurrence,3.0
Jackin House,Nu Disco - Disco,0.436806298679453,frequent_cooccurrence,5.0
Indie Dance,Organic House,0.43549333947247293,frequent_cooccurrence,6.0
Deep House,Nu Disco - Disco,0.43343425357410004,frequent_cooccurrence,6.0
Minimal - Deep Tech,UK Garage - Bassline,0.43045920850296104,frequent_cooccurrence,4.0
Deep House,Electro (Classic - Detroit - Modern),0.43044288331568603,frequent_cooccurrence,5.0
Dance - Pop,Funky House,0.4272327708961512,frequent_cooccurrence,5.0
Bass - Club,Tech House,0.42472951355661515,frequent_cooccurrence,5.0
Tech House,UK Garage - Bassline,0.4237641582145004,frequent_cooccurrence,5.0
140 - Deep Dubstep - Grime,Bass - Club,0.41861074816870647,frequent_cooccurrence,5.0
Jackin House,UK Garage - Bassline,0.41845980092818735,frequent_cooccurrence,5.0
Bass House,Breaks - Breakbeat - UK Bass,0.41729297220966055,frequent_cooccurrence,5.0
Bass - Club,Indie Dance,0.4138122196820817,frequent_cooccurrence,7.0
Afro House,Nu Disco - Disco,0.413710912688523,frequent_cooccurrence,5.0
Afro House,Ambient - Experimental,0.412724148640883,frequent_cooccurrence,5.0
Organic House,Trance (Raw - Deep - Hypnotic),0.41259251562740773,frequent_cooccurrence,3.0
Breaks - Breakbeat - UK Bass,UK Garage - Bassline,0.40473520383747363,frequent_cooccurrence,5.0
Afro House,Downtempo,0.40099134198853137,frequent_cooccurrence,5.0
Bass - Club,Techno (Raw - Deep - Hypnotic),0.39082400086598956,frequent_cooccurrence,4.0
Bass House,Jackin House,0.39052255403048997,frequent_cooccurrence,5.0
Ambient - Experimental,Downtempo,0.38856020045001194,frequent_cooccurrence,7.0
Mainstage,Psy-Trance,0.38302693725478654,frequent_cooccurrence,4.0
Ambient - Experimental,Trance (Main Floor),0.38067819255189517,frequent_cooccurrence,6.0
Hard Dance - Hardcore - Neo Rave,Techno (Peak Time - Driving),0.3800708363129124,frequent_cooccurrence,5.0
Melodic House & Techno,Psy-Trance,0.37233050786348665,frequent_cooccurrence,4.0
140 - Deep Dubstep - Grime,Breaks - Breakbeat - UK Bass,0.36866725718039994,frequent_cooccurrence,5.0
Dubstep,Mainstage,0.3679192984387951,frequent_cooccurrence,3.0
Deep House,Funky House,0.35908972613086987,frequent_cooccurrence,5.0
Deep House,UK Garage - Bassline,0.35465881925126785,frequent_cooccurrence,5.0
140 - Deep Dubstep - Grime,Drum & Bass,0.3545478185636418,frequent_cooccurrence,3.0
Indie Dance,Techno (Raw - Deep - Hypnotic),0.3528484529869731,frequent_cooccurrence,4.0
Drum & Bass,Hard Dance - Hardcore - Neo Rave,0.3483910434189391,frequent_cooccurrence,3.0
Breaks - Breakbeat - UK Bass,Dubstep,0.3462716040039078,frequent_cooccurrence,3.0
Psy-Trance,Techno (Raw - Deep - Hypnotic),0.33927453490567916,frequent_cooccurrence,4.0
Electronica,Trance (Raw - Deep - Hypnotic),0.33831774334674203,frequent_cooccurrence,3.0
Minimal - Deep Tech,Techno (Raw - Deep - Hypnotic),0.3325369683938889,frequent_cooccurrence,4.0
Bass - Club,Jackin House,0.32393571036116087,frequent_cooccurrence,5.0
Bass - Club,Bass House,0.32300056759135665,frequent_cooccurrence,5.0
Deep House,Techno (Raw - Deep - Hypnotic),0.3215427357800802,frequent_cooccurrence,4.0
Techno (Peak Time - Driving),Techno (Raw - Deep - Hypnotic),0.31984464969934234,frequent_cooccurrence,3.0
140 - Deep Dubstep - Grime,DJ Tools,0.31617588880453407,frequent_cooccurrence,3.0
Bass House,House,0.3131665511221966,frequent_cooccurrence,5.0
Downtempo,Indie Dance,0.3130984000621868,frequent_cooccurrence,7.0
Bass House,Deep House,0.30649433976896456,frequent_cooccurrence,5.0
Dance - Pop,Nu Disco - Disco,0.30560528441253165,frequent_cooccurrence,5.0
Downtempo,Organic House,0.3039224972841327,frequent_cooccurrence,6.0
Dubstep,Hard Techno,0.3037511516796345,frequent_cooccurrence,3.0
Dance - Pop,Melodic House & Techno,0.3009393269364945,frequent_cooccurrence,5.0
Progressive House,Techno (Peak Time - Driving),0.29658411876697677,frequent_cooccurrence,4.0
Breaks - Breakbeat - UK Bass,Electro (Classic - Detroit - Modern),0.2959266686585388,frequent_cooccurrence,5.0
Dance - Pop,Hard Techno,0.2948863712122384,frequent_cooccurrence,5.0
Breaks - Breakbeat - UK Bass,Funky House,0.28659213908139924,frequent_cooccurrence,5.0
Progressive House,Techno (Raw - Deep - Hypnotic),0.28476163316033065,frequent_cooccurrence,4.0
Afro House,Amapiano,0.2847310984149236,frequent_cooccurrence,5.0
Amapiano,Downtempo,0.2768494433329576,frequent_cooccurrence,5.0
Bass - Club,Breaks - Breakbeat - UK Bass,0.27212848180728477,frequent_cooccurrence,6.0
Bass House,Trap - Future Bass,0.27191706814472827,frequent_cooccurrence,5.0
Ambient - Experimental,Hard Techno,0.26738147456877714,frequent_cooccurrence,5.0
Ambient - Experimental,Trance (Raw - Deep - Hypnotic),0.26683921322898496,frequent_cooccurrence,3.0
140 - Deep Dubstep - Grime,Bass House,0.2655511254236189,frequent_cooccurrence,4.0
Indie Dance,Jackin House,0.2638840397438551,frequent_cooccurrence,5.0
Melodic House & Techno,Trance (Raw - Deep - Hypnotic),0.26072035094160173,frequent_cooccurrence,3.0
Afro House,Trance (Raw - Deep - Hypnotic),0.259253881256713,frequent_cooccurrence,3.0
Deep House,Organic House,0.25590306328996604,frequent_cooccurrence,5.0
Melodic House & Techno,Organic House,0.2532872006995457,frequent_cooccurrence,4.0
Indie Dance,Psy-Trance,0.2513437166011844,frequent_cooccurrence,5.0
Amapiano,Nu Disco - Disco,0.24979105041855054,frequent_cooccurrence,5.0
Electronica,Trance (Main Floor),0.24808374161190772,frequent_cooccurrence,5.0
Indie Dance,Progressive House,0.24447146863174585,frequent_cooccurrence,6.0
Breaks - Breakbeat - UK Bass,Jackin House,0.2430325194355607,frequent_cooccurrence,5.0
Ambient - Experimental,Progressive House,0.24264009395024233,frequent_cooccurrence,6.0
Dance - Pop,House,0.23844074835243878,frequent_cooccurrence,5.0
Electro (Classic - Detroit - Modern),Organic House,0.23693603679430764,frequent_cooccurrence,6.0
Bass House,Indie Dance,0.23419224468750244,frequent_cooccurrence,5.0
Electro (Classic - Detroit - Modern),Jackin House,0.23378179558086576,frequent_cooccurrence,4.0
House,UK Garage - Bassline,0.23338179161815953,frequent_cooccurrence,5.0
Hard Techno,Trance (Raw - Deep - Hypnotic),0.22832231637055966,frequent_cooccurrence,3.0
Bass - Club,Downtempo,0.22784670604676138,frequent_cooccurrence,7.0
Mainstage,Trance (Raw - Deep - Hypnotic),0.22610520641215337,frequent_cooccurrence,3.0
Progressive House,Psy-Trance,0.22464660804983239,frequent_cooccurrence,5.0
Dance - Pop,Electronica,0.22305352312735804,frequent_cooccurrence,5.0
Bass - Club,Trap - Future Bass,0.2197843988466055,frequent_cooccurrence,5.0
Bass House,Drum & Bass,0.21792338445099568,frequent_cooccurrence,3.0
140 - Deep Dubstep - Grime,Amapiano,0.21670135746106478,frequent_cooccurrence,4.0
Afro House,Trance (Main Floor),0.21429591399452708,frequent_cooccurrence,5.0
Drum & Bass,Funky House,0.21359218144312353,frequent_cooccurrence,3.0
Funky House,Tech House,0.21100731965862807,frequent_cooccurrence,5.0
Hard Dance - Hardcore - Neo Rave,Trap - Future Bass,0.20860939153587688,frequent_cooccurrence,5.0
Breaks - Breakbeat - UK Bass,Tech House,0.2016264707895259,frequent_cooccurrence,5.0
Hard Dance - Hardcore - Neo Rave,Psy-Trance,0.20124851530654453,frequent_cooccurrence,4.0
Dance - Pop,Techno (Peak Time - Driving),0.19875260898287928,frequent_cooccurrence,5.0
Deep House,Downtempo,0.19708182199816937,frequent_cooccurrence,6.0
Afro House,Dance - Pop,0.19288305372167014,frequent_cooccurrence,5.0
Bass House,Funky House,0.1879808763845614,frequent_cooccurrence,5.0
Electronica,Nu Disco - Disco,0.18656170291863727,frequent_cooccurrence,5.0
Hard Techno,Melodic House & Techno,0.18649421835778868,frequent_cooccurrence,5.0
Electronica,Techno (Peak Time - Driving),0.18523244320269572,frequent_cooccurrence,5.0
Downtempo,Psy-Trance,0.1845667982195387,frequent_cooccurrence,5.0
Drum & Bass,Mainstage,0.18355329737304515,frequent_cooccurrence,3.0
House,Indie Dance,0.18231261903017848,frequent_cooccurrence,5.0
Psy-Trance,Trance (Main Floor),0.18230851450332464,frequent_cooccurrence,5.0
Drum & Bass,UK Garage - Bassline,0.18123923950419885,frequent_cooccurrence,3.0
Electronica,Progressive House,0.18033412976156704,frequent_cooccurrence,4.0
Ambient - Experimental,Mainstage,0.17721146738195603,frequent_cooccurrence,5.0
Amapiano,Electronica,0.17472432725072584,frequent_cooccurrence,5.0
Dance - Pop,Hard Dance - Hardcore - Neo Rave,0.17193512778382825,frequent_cooccurrence,5.0
Dubstep,Trance (Main Floor),0.17118500497208267,frequent_cooccurrence,3.0
Drum & Bass,Hard Techno,0.16851920650037533,frequent_cooccurrence,3.0
Indie Dance,Trance (Raw - Deep - Hypnotic),0.1638010909879828,frequent_cooccurrence,3.0
Electronica,Mainstage,0.1630623017619124,frequent_cooccurrence,5.0
Downtempo,Melodic House & Techno,0.16192339900845232,frequent_cooccurrence,5.0
Ambient - Experimental,Techno (Peak Time - Driving),0.16024143677287317,frequent_cooccurrence,5.0
Electro (Classic - Detroit - Modern),Trance (Raw - Deep - Hypnotic),0.15812830083208285,frequent_cooccurrence,3.0
Dance - Pop,Progressive House,0.15786011379389697,frequent_cooccurrence,4.0
Downtempo,Trance (Raw - Deep - Hypnotic),0.15712357048459913,frequent_cooccurrence,3.0
Organic House,Psy-Trance,0.15649997825922224,frequent_cooccurrence,5.0
Amapiano,Trap - Future Bass,0.1358121361096799,frequent_cooccurrence,5.0
Dance - Pop,Trance (Raw - Deep - Hypnotic),0.132003459700462,frequent_cooccurrence,3.0
Funky House,UK Garage - Bassline,0.1306404523842556,frequent_cooccurrence,5.0
Downtempo,Minimal - Deep Tech,0.129895062618249,frequent_cooccurrence,6.0
Hard Techno,Psy-Trance,0.12972707115523163,frequent_cooccurrence,4.0
Funky House,Trance (Main Floor),0.12926020816071926,frequent_cooccurrence,5.0
Minimal - Deep Tech,Organic House,0.12862199511748962,frequent_cooccurrence,5.0
Electro (Classic - Detroit - Modern),Psy-Trance,0.12615090168550802,frequent_cooccurrence,5.0
Organic House,Techno (Raw - Deep - Hypnotic),0.12169435638828008,frequent_cooccurrence,4.0
Ambient - Experimental,DJ Tools,0.12142013369272697,frequent_cooccurrence,5.0
Electro (Classic - Detroit - Modern),Progressive House,0.11703473519067453,frequent_cooccurrence,6.0
Downtempo,Techno (Raw - Deep - Hypnotic),0.11586996616010525,frequent_cooccurrence,4.0
Electronica,Hard Techno,0.11535730336645234,frequent_cooccurrence,5.0
Tech House,Techno (Raw - Deep - Hypnotic),0.1146168759318561,frequent_cooccurrence,3.0
Bass House,Electro (Classic - Detroit - Modern),0.11450714942982576,frequent_cooccurrence,4.0
Ambient - Experimental,Hard Dance - Hardcore - Neo Rave,0.11384370054803095,frequent_cooccurrence,5.0
Jackin House,Techno (Raw - Deep - Hypnotic),0.11330090655326086,frequent_cooccurrence,3.0
Nu Disco - Disco,Organic House,0.11224376574109696,frequent_cooccurrence,6.0
Breaks - Breakbeat - UK Bass,House,0.11222184270355273,frequent_cooccurrence,5.0
Downtempo,Nu Disco - Disco,0.11099134243284814,frequent_cooccurrence,7.0
Organic House,Tech House,0.11080001039071496,frequent_cooccurrence,4.0
Amapiano,Organic House,0.10850685008559535,frequent_cooccurrence,4.0
Electronica,Psy-Trance,0.10740833130129557,frequent_cooccurrence,4.0
Afro House,Indie Dance,0.1068937958486662,frequent_cooccurrence,5.0
Downtempo,Progressive House,0.10324697658933091,frequent_cooccurrence,6.0
Funky House,Hard Techno,0.10218609707573256,frequent_cooccurrence,5.0
Hard Techno,Techno (Raw - Deep - Hypnotic),0.09546448315331357,frequent_cooccurrence,3.0
Amapiano,Ambient - Experimental,0.0953527166416408,frequent_cooccurrence,5.0
Electronica,Techno (Raw - Deep - Hypnotic),0.09366648664403254,frequent_cooccurrence,3.0
Nu Disco - Disco,Progressive House,0.09110595133405897,frequent_cooccurrence,6.0
Hard Dance - Hardcore - Neo Rave,Melodic House & Techno,0.09058886482180861,frequent_cooccurrence,5.0
DJ Tools,Nu Disco - Disco,0.08618917306352303,frequent_cooccurrence,4.0
Amapiano,UK Garage - Bassline,0.08564281573741528,frequent_cooccurrence,5.0
Electro (Classic - Detroit - Modern),House,0.08507306026237527,frequent_cooccurrence,4.0
Electro (Classic - Detroit - Modern),UK Garage - Bassline,0.0805568156937374,frequent_cooccurrence,4.0
Bass House,Psy-Trance,0.07917473569762756,frequent_cooccurrence,4.0
Dubstep,Funky House,0.07736620679557538,frequent_cooccurrence,3.0
Hard Techno,Progressive House,0.07653646426932648,frequent_cooccurrence,4.0
Amapiano,Deep House,0.07270746276331164,frequent_cooccurrence,5.0
140 - Deep Dubstep - Grime,Downtempo,0.06632120258716112,frequent_cooccurrence,5.0
Breaks - Breakbeat - UK Bass,Minimal - Deep Tech,0.06551255603475203,frequent_cooccurrence,5.0
Amapiano,Melodic House & Techno,0.06498271223600871,frequent_cooccurrence,5.0
Funky House,Minimal - Deep Tech,0.0642108497192646,frequent_cooccurrence,4.0
Funky House,Mainstage,0.06101283175103178,frequent_cooccurrence,5.0
Mainstage,Progressive House,0.060579926023974884,frequent_cooccurrence,4.0
Amapiano,Bass - Club,0.05370905680440108,frequent_cooccurrence,5.0
Nu Disco - Disco,UK Garage - Bassline,0.053066150471894,frequent_cooccurrence,5.0
Indie Dance,Nu Disco - Disco,0.05254749339263076,frequent_cooccurrence,7.0
Ambient - Experimental,Dance - Pop,0.050713891592485294,frequent_cooccurrence,5.0
Dubstep,Techno (Peak Time - Driving),0.04869855283113589,frequent_cooccurrence,3.0
Amapiano,Indie Dance,0.04866863892235218,frequent_cooccurrence,5.0
Breaks - Breakbeat - UK Bass,Mainstage,0.04541534560488314,frequent_cooccurrence,5.0
Downtempo,Electro (Classic - Detroit - Modern),0.04501290198633878,frequent_cooccurrence,6.0
Ambient - Experimental,Organic House,0.044557719868732804,frequent_cooccurrence,6.0
140 - Deep Dubstep - Grime,Electro (Classic - Detroit - Modern),0.043726019973982067,frequent_cooccurrence,4.0
Electronica,Organic House,0.04208272905604393,frequent_cooccurrence,4.0
Bass - Club,House,0.03834197785714699,frequent_cooccurrence,5.0
Amapiano,Drum & Bass,0.03774777056881584,frequent_cooccurrence,3.0
Minimal - Deep Tech,Nu Disco - Disco,0.03630453087051899,frequent_cooccurrence,6.0
Deep House,Trance (Raw - Deep - Hypnotic),0.032130563876800244,frequent_cooccurrence,3.0
140 - Deep Dubstep - Grime,Minimal - Deep Tech,0.02786479215915949,frequent_cooccurrence,4.0
Ambient - Experimental,Dubstep,0.026850600080153386,frequent_cooccurrence,3.0
Deep House,Progressive House,0.02450752739941009,frequent_cooccurrence,5.0
Drum & Bass,Trance (Main Floor),0.02159231257996419,frequent_cooccurrence,3.0
Breaks - Breakbeat - UK Bass,Techno (Peak Time - Driving),0.02062424212808467,frequent_cooccurrence,5.0
Dance - Pop,Dubstep,0.015549347891106069,frequent_cooccurrence,3.0
Organic House,Trance (Main Floor),0.01270706738672156,frequent_cooccurrence,5.0
Ambient - Experimental,Nu Disco - Disco,0.012583119367099105,frequent_cooccurrence,7.0
Amapiano,House,0.012490855487799934,frequent_cooccurrence,5.0
Indie Dance,Melodic House & Techno,0.011470295641464734,frequent_cooccurrence,5.0
Psy-Trance,Tech House,0.011427585380010208,frequent_cooccurrence,4.0
Bass House,Dubstep,0.011368790173228338,frequent_cooccurrence,3.0
Funky House,Progressive House,0.0103707245665845,frequent_cooccurrence,4.0
Funky House,Trap - Future Bass,0.008000362063942168,frequent_cooccurrence,5.0
Ambient - Experimental,Psy-Trance,0.005663222310398064,frequent_cooccurrence,5.0
Amapiano,Jackin House,0.003402185750322362,frequent_cooccurrence,5.0
Dance - Pop,Drum & Bass,0.0024153649269993416,frequent_cooccurrence,3.0
Dance - Pop,Jackin House,0.0007472182178792641,frequent_cooccurrence,5.0
House,Techno (Raw - Deep - Hypnotic),-0.0027841212269597015,frequent_cooccurrence,3.0
Afro House,Psy-Trance,-0.003790116118064235,frequent_cooccurrence,4.0
Amapiano,Breaks - Breakbeat - UK Bass,-0.005874108188859362,frequent_cooccurrence,5.0
Afro House,Techno (Peak Time - Driving),-0.013209693361062369,frequent_cooccurrence,5.0
Hard Dance - Hardcore - Neo Rave,Trance (Raw - Deep - Hypnotic),-0.01562178059518926,frequent_cooccurrence,3.0
Ambient - Experimental,Techno (Raw - Deep - Hypnotic),-0.01698636708836654,frequent_cooccurrence,4.0
Bass House,Dance - Pop,-0.017630351678248113,frequent_cooccurrence,5.0
Jackin House,Trap - Future Bass,-0.018242702781282816,frequent_cooccurrence,5.0
Breaks - Breakbeat - UK Bass,Hard Dance - Hardcore - Neo Rave,-0.021053846345927774,frequent_cooccurrence,5.0
Dance - Pop,UK Garage - Bassline,-0.021064426011699666,frequent_cooccurrence,5.0
Amapiano,Electro (Classic - Detroit - Modern),-0.021208610165438735,frequent_cooccurrence,4.0
Dubstep,UK Garage - Bassline,-0.022319457907781448,frequent_cooccurrence,3.0
Funky House,Hard Dance - Hardcore - Neo Rave,-0.026269902904175524,frequent_cooccurrence,5.0
Techno (Raw - Deep - Hypnotic),Trance (Main Floor),-0.03025984044046881,frequent_cooccurrence,4.0
Indie Dance,Techno (Peak Time - Driving),-0.030669439515743857,frequent_cooccurrence,5.0
Bass - Club,Organic House,-0.03218413202679904,frequent_cooccurrence,6.0
Nu Disco - Disco,Trance (Main Floor),-0.039699681740881676,frequent_cooccurrence,6.0
Minimal - Deep Tech,Psy-Trance,-0.03985016244927553,frequent_cooccurrence,4.0
Breaks - Breakbeat - UK Bass,Deep House,-0.0416002983871675,frequent_cooccurrence,6.0
Nu Disco - Disco,Tech House,-0.04310836087326586,frequent_cooccurrence,5.0
Organic House,Techno (Peak Time - Driving),-0.04389075798620068,frequent_cooccurrence,4.0
Mainstage,Trap - Future Bass,-0.044698386115965105,frequent_cooccurrence,5.0
Indie Dance,UK Garage - Bassline,-0.045582485028472286,frequent_cooccurrence,5.0
140 - Deep Dubstep - Grime,Hard Dance - Hardcore - Neo Rave,-0.04757769172536164,frequent_cooccurrence,4.0
DJ Tools,Organic House,-0.0486614157942209,frequent_cooccurrence,4.0
Drum & Bass,Jackin House,-0.048947494080939125,frequent_cooccurrence,3.0
Amapiano,Dubstep,-0.05019535998168578,frequent_cooccurrence,3.0
Dance - Pop,Organic House,-0.05060251553158124,frequent_cooccurrence,4.0
140 - Deep Dubstep - Grime,Tech House,-0.053529564422067466,frequent_cooccurrence,4.0
House,Organic House,-0.054515810085844496,frequent_cooccurrence,4.0
Breaks - Breakbeat - UK Bass,Indie Dance,-0.057260686024066754,frequent_cooccurrence,6.0
DJ Tools,Downtempo,-0.05800827023770205,frequent_cooccurrence,4.0
Dubstep,Melodic House & Techno,-0.05828079248858087,frequent_cooccurrence,3.0
Tech House,Trap - Future Bass,-0.058623668073192636,frequent_cooccurrence,5.0
Amapiano,Progressive House,-0.05931172577586685,frequent_cooccurrence,4.0
House,Progressive House,-0.06255172433675571,frequent_cooccurrence,4.0
Amapiano,Minimal - Deep Tech,-0.06323523359494843,frequent_cooccurrence,4.0
Electronica,Indie Dance,-0.0639935110946026,frequent_cooccurrence,5.0
Afro House,Mainstage,-0.06616599160645609,frequent_cooccurrence,5.0
Funky House,Techno (Raw - Deep - Hypnotic),-0.06673209269889879,frequent_cooccurrence,3.0
Drum & Bass,Techno (Peak Time - Driving),-0.06677826161282185,frequent_cooccurrence,3.0
Bass - Club,DJ Tools,-0.0672047798152442,frequent_cooccurrence,4.0
Bass - Club,Psy-Trance,-0.069327401247949,frequent_cooccurrence,5.0
Downtempo,UK Garage - Bassline,-0.06949713936689794,frequent_cooccurrence,5.0
Bass House,Techno (Peak Time - Driving),-0.06985712544922063,frequent_cooccurrence,5.0
140 - Deep Dubstep - Grime,Jackin House,-0.07046354110227959,frequent_cooccurrence,4.0
Bass House,Mainstage,-0.07243011752068251,frequent_cooccurrence,5.0
Electronica,Hard Dance - Hardcore - Neo Rave,-0.07413237894192015,frequent_cooccurrence,5.0
Hard Dance - Hardcore - Neo Rave,Techno (Raw - Deep - Hypnotic),-0.0763079172809189,frequent_cooccurrence,3.0
Downtempo,Tech House,-0.07672446941832645,frequent_cooccurrence,5.0
Bass House,Downtempo,-0.07864101352344788,frequent_cooccurrence,5.0
Bass - Club,Nu Disco - Disco,-0.08038818380232504,frequent_cooccurrence,7.0
Minimal - Deep Tech,Trance (Raw - Deep - Hypnotic),-0.08084445336552548,frequent_cooccurrence,3.0
Breaks - Breakbeat - UK Bass,Psy-Trance,-0.0816098243790182,frequent_cooccurrence,5.0
Breaks - Breakbeat - UK Bass,Techno (Raw - Deep - Hypnotic),-0.08171078131973242,frequent_cooccurrence,4.0
Breaks - Breakbeat - UK Bass,Dance - Pop,-0.08510754728942382,frequent_cooccurrence,5.0
Melodic House & Techno,Nu Disco - Disco,-0.0854334893448041,frequent_cooccurrence,5.0
Jackin House,Organic House,-0.09531657518793923,frequent_cooccurrence,4.0
Drum & Bass,Tech House,-0.09765948143500158,frequent_cooccurrence,3.0
Afro House,Deep House,-0.0998780960012231,frequent_cooccurrence,5.0
DJ Tools,Minimal - Deep Tech,-0.10141901622274752,frequent_cooccurrence,3.0
Dance - Pop,Psy-Trance,-0.10461047487851372,frequent_cooccurrence,4.0
Electro (Classic - Detroit - Modern),Funky House,-0.1047658850605735,frequent_cooccurrence,4.0
Drum & Bass,Melodic House & Techno,-0.10521139398858126,frequent_cooccurrence,3.0
Breaks - Breakbeat - UK Bass,Trance (Main Floor),-0.10801199369259562,frequent_cooccurrence,6.0
140 - Deep Dubstep - Grime,Psy-Trance,-0.11178844840986879,frequent_cooccurrence,4.0
Hard Techno,Trap - Future Bass,-0.11181440849163948,frequent_cooccurrence,5.0
Amapiano,Tech House,-0.11322747928105015,frequent_cooccurrence,5.0
Amapiano,Bass House,-0.11795186659874335,frequent_cooccurrence,5.0
Funky House,Organic House,-0.11888467612390308,frequent_cooccurrence,4.0
Mainstage,Techno (Raw - Deep - Hypnotic),-0.11950228299979448,frequent_cooccurrence,3.0
Nu Disco - Disco,Trance (Raw - Deep - Hypnotic),-0.12105994099707762,frequent_cooccurrence,3.0
Afro House,Hard Techno,-0.12329726092415982,frequent_cooccurrence,5.0
Bass - Club,Drum & Bass,-0.12530346713589569,frequent_cooccurrence,3.0
Amapiano,Funky House,-0.1255113549798903,frequent_cooccurrence,5.0
Dance - Pop,Deep House,-0.1267840319928628,frequent_cooccurrence,5.0
Funky House,Indie Dance,-0.13063551992971,frequent_cooccurrence,5.0
Deep House,Electronica,-0.13241187350821026,frequent_cooccurrence,5.0
Bass House,Techno (Raw - Deep - Hypnotic),-0.13304413614181732,frequent_cooccurrence,3.0
Dance - Pop,Tech House,-0.13706308307293158,frequent_cooccurrence,5.0
Minimal - Deep Tech,Trap - Future Bass,-0.13877431195246182,frequent_cooccurrence,4.0
Electro (Classic - Detroit - Modern),Trap - Future Bass,-0.14022819422665966,frequent_cooccurrence,4.0
House,Trance (Raw - Deep - Hypnotic),-0.14099718877203982,frequent_cooccurrence,3.0
Nu Disco - Disco,Trap - Future Bass,-0.146431245654008,frequent_cooccurrence,5.0
Electro (Classic - Detroit - Modern),Techno (Peak Time - Driving),-0.14655849962544631,frequent_cooccurrence,4.0
140 - Deep Dubstep - Grime,Ambient - Experimental,-0.14666376675732318,frequent_cooccurrence,5.0
Bass - Club,Funky House,-0.14680411336649635,frequent_cooccurrence,5.0
DJ Tools,Deep House,-0.1507112265486874,frequent_cooccurrence,3.0
Psy-Trance,UK Garage - Bassline,-0.15225560743101907,frequent_cooccurrence,4.0
140 - Deep Dubstep - Grime,Electronica,-0.15322243770543964,frequent_cooccurrence,4.0
Afro House,House,-0.15332968174966832,frequent_cooccurrence,5.0
Breaks - Breakbeat - UK Bass,Nu Disco - Disco,-0.15342613068522848,frequent_cooccurrence,6.0
Dance - Pop,Trap - Future Bass,-0.15476811869854412,frequent_cooccurrence,5.0
Afro House,Electro (Classic - Detroit - Modern),-0.15531149293220614,frequent_cooccurrence,4.0
Electronica,House,-0.15605639865048526,frequent_cooccurrence,5.0
Breaks - Breakbeat - UK Bass,Hard Techno,-0.15848856152775426,frequent_cooccurrence,5.0
Amapiano,Dance - Pop,-0.15923021500533352,frequent_cooccurrence,5.0
Hard Techno,Nu Disco - Disco,-0.16162836708216233,frequent_cooccurrence,5.0
Bass - Club,Trance (Raw - Deep - Hypnotic),-0.16170567986254225,frequent_cooccurrence,3.0
Downtempo,House,-0.163195761395309,frequent_cooccurrence,5.0
Bass House,Hard Dance - Hardcore - Neo Rave,-0.1639620071148018,frequent_cooccurrence,5.0
Breaks - Breakbeat - UK Bass,DJ Tools,-0.16532536550285548,frequent_cooccurrence,3.0
Progressive House,Tech House,-0.1680076589198769,frequent_cooccurrence,4.0
140 - Deep Dubstep - Grime,Indie Dance,-0.16871108539999313,frequent_cooccurrence,5.0
Downtempo,Techno (Peak Time - Driving),-0.16978714489843227,frequent_cooccurrence,5.0
Electro (Classic - Detroit - Modern),Nu Disco - Disco,-0.17054497011083436,frequent_cooccurrence,6.0
DJ Tools,Trance (Main Floor),-0.1719256068855315,frequent_cooccurrence,3.0
Afro House,Techno (Raw - Deep - Hypnotic),-0.17367560859962894,frequent_cooccurrence,3.0
Drum & Bass,Nu Disco - Disco,-0.175140793160115,frequent_cooccurrence,3.0
140 - Deep Dubstep - Grime,Deep House,-0.1759484747094031,frequent_cooccurrence,5.0
Tech House,Trance (Raw - Deep - Hypnotic),-0.1764061415128806,frequent_cooccurrence,3.0
Downtempo,Jackin House,-0.177556383096386,frequent_cooccurrence,5.0
Funky House,Techno (Peak Time - Driving),-0.17978250567035015,frequent_cooccurrence,5.0
Hard Dance - Hardcore - Neo Rave,Progressive House,-0.18159205868473838,frequent_cooccurrence,4.0
Minimal - Deep Tech,Progressive House,-0.18454814619474402,frequent_cooccurrence,5.0
Drum & Bass,House,-0.18505816590709578,frequent_cooccurrence,3.0
Hard Techno,House,-0.18896707383802247,frequent_cooccurrence,5.0
Bass House,Melodic House & Techno,-0.18981671399936517,frequent_cooccurrence,5.0
House,Trance (Main Floor),-0.19044022561913687,frequent_cooccurrence,5.0
Electro (Classic - Detroit - Modern),Electronica,-0.1939749664618009,frequent_cooccurrence,4.0
Bass House,Nu Disco - Disco,-0.20218780278287452,frequent_cooccurrence,5.0
Jackin House,Progressive House,-0.2040955493705292,frequent_cooccurrence,4.0
Nu Disco - Disco,Techno (Raw - Deep - Hypnotic),-0.21129259124913036,frequent_cooccurrence,4.0
House,Trap - Future Bass,-0.2171512128998676,frequent_cooccurrence,5.0
Organic House,UK Garage - Bassline,-0.222463160810908,frequent_cooccurrence,4.0
Bass - Club,Electronica,-0.2242674025874638,frequent_cooccurrence,5.0
Dance - Pop,Techno (Raw - Deep - Hypnotic),-0.22851180252751768,frequent_cooccurrence,3.0
Funky House,Trance (Raw - Deep - Hypnotic),-0.22852166892011616,frequent_cooccurrence,3.0
Bass - Club,Dubstep,-0.22922208210738337,frequent_cooccurrence,3.0
Amapiano,Trance (Main Floor),-0.22963306865691369,frequent_cooccurrence,5.0
Dubstep,Jackin House,-0.2321554088350426,frequent_cooccurrence,3.0
Dubstep,Nu Disco - Disco,-0.23917907684190154,frequent_cooccurrence,3.0
Melodic House & Techno,Techno (Raw - Deep - Hypnotic),-0.2398289420250117,frequent_cooccurrence,3.0
Afro House,Bass - Club,-0.23986177376804685,frequent_cooccurrence,5.0
Ambient - Experimental,Drum & Bass,-0.24120966689226164,frequent_cooccurrence,3.0
Afro House,Hard Dance - Hardcore - Neo Rave,-0.2416667965220698,frequent_cooccurrence,5.0
Downtempo,Trap - Future Bass,-0.24846866539449852,frequent_cooccurrence,5.0
Bass House,Organic House,-0.25243445315594526,frequent_cooccurrence,4.0
Techno (Raw - Deep - Hypnotic),UK Garage - Bassline,-0.25294973571306434,frequent_cooccurrence,3.0
House,Mainstage,-0.253458437921509,frequent_cooccurrence,5.0
Tech House,Techno (Peak Time - Driving),-0.25677842630904246,frequent_cooccurrence,5.0
Hard Techno,Jackin House,-0.26046864312934104,frequent_cooccurrence,5.0
House,Melodic House & Techno,-0.2617950389671344,frequent_cooccurrence,5.0
Hard Dance - Hardcore - Neo Rave,UK Garage - Bassline,-0.26315102993338324,frequent_cooccurrence,5.0
Psy-Trance,Trap - Future Bass,-0.263264426456304,frequent_cooccurrence,4.0
Ambient - Experimental,Trap - Future Bass,-0.2667738178258645,frequent_cooccurrence,5.0
DJ Tools,Indie Dance,-0.26774164596820293,frequent_cooccurrence,4.0
140 - Deep Dubstep - Grime,Techno (Raw - Deep - Hypnotic),-0.2678648327558888,frequent_cooccurrence,3.0
140 - Deep Dubstep - Grime,Nu Disco - Disco,-0.26883608694209205,frequent_cooccurrence,5.0
Dubstep,Electronica,-0.2701454565848391,frequent_cooccurrence,3.0
140 - Deep Dubstep - Grime,Mainstage,-0.2704170015037388,frequent_cooccurrence,4.0
DJ Tools,Progressive House,-0.27400485212208725,frequent_cooccurrence,4.0
Deep House,Psy-Trance,-0.2812342830238461,frequent_cooccurrence,5.0
Afro House,Drum & Bass,-0.28124175869796963,frequent_cooccurrence,3.0
Afro House,Funky House,-0.2812478224949113,frequent_cooccurrence,5.0
Jackin House,Trance (Raw - Deep - Hypnotic),-0.2845318629346629,frequent_cooccurrence,3.0
Mainstage,Nu Disco - Disco,-0.28923151089662325,frequent_cooccurrence,5.0
Electronica,Minimal - Deep Tech,-0.2900099599393451,frequent_cooccurrence,4.0
140 - Deep Dubstep - Grime,Funky House,-0.2900564384139632,frequent_cooccurrence,4.0
Afro House,Minimal - Deep Tech,-0.290214951833333,frequent_cooccurrence,4.0
DJ Tools,Electro (Classic - Detroit - Modern),-0.2921224439442778,frequent_cooccurrence,4.0
Funky House,Melodic House & Techno,-0.29363270463062774,frequent_cooccurrence,5.0
Hard Techno,Organic House,-0.29404623729893276,frequent_cooccurrence,4.0
140 - Deep Dubstep - Grime,Afro House,-0.29434890354791454,frequent_cooccurrence,4.0
Amapiano,Trance (Raw - Deep - Hypnotic),-0.2998462072512169,frequent_cooccurrence,3.0
Afro House,Tech House,-0.3011071917110546,frequent_cooccurrence,5.0
Breaks - Breakbeat - UK Bass,Melodic House & Techno,-0.3039200709088081,frequent_cooccurrence,5.0
Trance (Main Floor),Trap - Future Bass,-0.3040657950277863,frequent_cooccurrence,5.0
Mainstage,Organic House,-0.30635737026768317,frequent_cooccurrence,4.0
Ambient - Experimental,Indie Dance,-0.3063740364082872,frequent_cooccurrence,7.0
Downtempo,Drum & Bass,-0.30908310382306614,frequent_cooccurrence,3.0
140 - Deep Dubstep - Grime,Techno (Peak Time - Driving),-0.30911523698446475,frequent_cooccurrence,4.0
Afro House,UK Garage - Bassline,-0.3108243198557359,frequent_cooccurrence,5.0
Mainstage,UK Garage - Bassline,-0.31223769046520666,frequent_cooccurrence,5.0
Drum & Bass,Minimal - Deep Tech,-0.3169401175440578,frequent_cooccurrence,3.0
Breaks - Breakbeat - UK Bass,Trance (Raw - Deep - Hypnotic),-0.3184706555881376,frequent_cooccurrence,3.0
Dance - Pop,Downtempo,-0.3215409059059784,frequent_cooccurrence,5.0
Techno (Peak Time - Driving),Trap - Future Bass,-0.3217020829166155,frequent_cooccurrence,5.0
Amapiano,Psy-Trance,-0.32803346907231323,frequent_cooccurrence,4.0
Deep House,Trap - Future Bass,-0.3326712432577388,frequent_cooccurrence,5.0
Hard Dance - Hardcore - Neo Rave,Nu Disco - Disco,-0.33475652616932594,frequent_cooccurrence,5.0
Hard Dance - Hardcore - Neo Rave,House,-0.3358291338111874,frequent_cooccurrence,5.0
Dance - Pop,Minimal - Deep Tech,-0.33652705111032555,frequent_cooccurrence,4.0
Bass - Club,Progressive House,-0.33767147025045463,frequent_cooccurrence,6.0
140 - Deep Dubstep - Grime,Hard Techno,-0.337814196926175,frequent_cooccurrence,4.0
140 - Deep Dubstep - Grime,Melodic House & Techno,-0.3383154617417803,frequent_cooccurrence,4.0
Hard Dance - Hardcore - Neo Rave,Tech House,-0.34301113028263774,frequent_cooccurrence,5.0
Electronica,Trap - Future Bass,-0.3439445234332512,frequent_cooccurrence,5.0
Dubstep,House,-0.34407083820441997,frequent_cooccurrence,3.0
Dubstep,Tech House,-0.3451354676723688,frequent_cooccurrence,3.0
Electronica,UK Garage - Bassline,-0.346396524322963,frequent_cooccurrence,5.0
Ambient - Experimental,Electro (Classic - Detroit - Modern),-0.3478989206408838,frequent_cooccurrence,6.0
House,Techno (Peak Time - Driving),-0.34959164811027077,frequent_cooccurrence,5.0
140 - Deep Dubstep - Grime,House,-0.3499483797733678,frequent_cooccurrence,4.0
Hard Dance - Hardcore - Neo Rave,Jackin House,-0.3557585988441947,frequent_cooccurrence,5.0
Electronica,Jackin House,-0.3570583173561508,frequent_cooccurrence,5.0
Afro House,Dubstep,-0.36549593017368864,frequent_cooccurrence,3.0
Mainstage,Tech House,-0.36625717822739934,frequent_cooccurrence,5.0
Downtempo,Hard Techno,-0.36701465603011196,frequent_cooccurrence,5.0
Melodic House & Techno,Trap - Future Bass,-0.3692984701983888,frequent_cooccurrence,5.0
Amapiano,Mainstage,-0.37115219345299666,frequent_cooccurrence,5.0
Bass - Club,Hard Dance - Hardcore - Neo Rave,-0.3723847814036543,frequent_cooccurrence,5.0
Afro House,Trap - Future Bass,-0.37827900061605724,frequent_cooccurrence,5.0
Melodic House & Techno,Tech House,-0.37914518906934624,frequent_cooccurrence,5.0
Trance (Raw - Deep - Hypnotic),UK Garage - Bassline,-0.3804238242406335,frequent_cooccurrence,3.0
Bass House,Hard Techno,-0.3846832371696074,frequent_cooccurrence,5.0
Minimal - Deep Tech,Techno (Peak Time - Driving),-0.38493631863461,frequent_cooccurrence,4.0
Electronica,Funky House,-0.3852101462242399,frequent_cooccurrence,5.0
Drum & Bass,Electronica,-0.38529060380906666,frequent_cooccurrence,3.0
Ambient - Experimental,House,-0.38623024744433976,frequent_cooccurrence,5.0
140 - Deep Dubstep - Grime,Dance - Pop,-0.38684230681008613,frequent_cooccurrence,4.0
Amapiano,Techno (Raw - Deep - Hypnotic),-0.38881952765191397,frequent_cooccurrence,3.0
Indie Dance,Trap - Future Bass,-0.3892289538818594,frequent_cooccurrence,5.0
Breaks - Breakbeat - UK Bass,Electronica,-0.3905021122806185,frequent_cooccurrence,5.0
Downtempo,Hard Dance - Hardcore - Neo Rave,-0.39384397406571914,frequent_cooccurrence,5.0
Bass - Club,Techno (Peak Time - Driving),-0.39999013804599604,frequent_cooccurrence,5.0
Afro House,Jackin House,-0.40059617514422063,frequent_cooccurrence,5.0
Downtempo,Dubstep,-0.401305616349124,frequent_cooccurrence,3.0
Breaks - Breakbeat - UK Bass,Progressive House,-0.4019898936486761,frequent_cooccurrence,5.0
Ambient - Experimental,Bass - Club,-0.4020808200671391,frequent_cooccurrence,7.0
Downtempo,Mainstage,-0.40263661254331384,frequent_cooccurrence,5.0
Ambient - Experimental,Deep House,-0.40676780717066197,frequent_cooccurrence,6.0
Electro (Classic - Detroit - Modern),Trance (Main Floor),-0.4087433395692299,frequent_cooccurrence,5.0
Techno (Peak Time - Driving),UK Garage - Bassline,-0.41058272086071623,frequent_cooccurrence,5.0
Amapiano,Hard Techno,-0.41173034898909644,frequent_cooccurrence,5.0
Downtempo,Trance (Main Floor),-0.41396759470430267,frequent_cooccurrence,6.0
Bass House,Trance (Raw - Deep - Hypnotic),-0.4140247346929069,frequent_cooccurrence,3.0
Jackin House,Techno (Peak Time - Driving),-0.41504569560872695,frequent_cooccurrence,5.0
Jackin House,Trance (Main Floor),-0.4152367355898665,frequent_cooccurrence,5.0
Hard Dance - Hardcore - Neo Rave,Organic House,-0.41610254564731086,frequent_cooccurrence,4.0
Indie Dance,Trance (Main Floor),-0.41867419512870807,frequent_cooccurrence,6.0
Afro House,Breaks - Breakbeat - UK Bass,-0.418829182582491,frequent_cooccurrence,5.0
Deep House,Techno (Peak Time - Driving),-0.41971577530669024,frequent_cooccurrence,5.0
140 - Deep Dubstep - Grime,Organic House,-0.42125780886319664,frequent_cooccurrence,4.0
Electro (Classic - Detroit - Modern),Hard Dance - Hardcore - Neo Rave,-0.42619490784650216,frequent_cooccurrence,4.0
Deep House,Drum & Bass,-0.42792647680087503,frequent_cooccurrence,3.0
Indie Dance,Mainstage,-0.42917911306896905,frequent_cooccurrence,5.0
Drum & Bass,Indie Dance,-0.43016741166950667,frequent_cooccurrence,3.0
Electro (Classic - Detroit - Modern),Melodic House & Techno,-0.43037992979906914,frequent_cooccurrence,4.0
Amapiano,Techno (Peak Time - Driving),-0.432451174771844,frequent_cooccurrence,5.0
Amapiano,Hard Dance - Hardcore - Neo Rave,-0.4329901546903039,frequent_cooccurrence,5.0
Bass House,Electronica,-0.4338604956681733,frequent_cooccurrence,5.0
Deep House,Melodic House & Techno,-0.4343373764480465,frequent_cooccurrence,5.0
Jackin House,Mainstage,-0.4344710073022524,frequent_cooccurrence,5.0
Ambient - Experimental,Funky House,-0.4398754031604355,frequent_cooccurrence,5.0
Hard Dance - Hardcore - Neo Rave,Minimal - Deep Tech,-0.4408550899760506,frequent_cooccurrence,4.0
Nu Disco - Disco,Techno (Peak Time - Driving),-0.4421909510144415,frequent_cooccurrence,5.0
Hard Techno,Tech House,-0.4432141973578003,frequent_cooccurrence,5.0
Breaks - Breakbeat - UK Bass,Organic House,-0.44397047824110136,frequent_cooccurrence,5.0
DJ Tools,Psy-Trance,-0.44490471513446694,frequent_cooccurrence,3.0
Electro (Classic - Detroit - Modern),Hard Techno,-0.449036715854884,frequent_cooccurrence,4.0
Dance - Pop,Indie Dance,-0.45013477256174994,frequent_cooccurrence,5.0
Hard Techno,Indie Dance,-0.4551823051181296,frequent_cooccurrence,5.0
Electronica,Tech House,-0.45920488308199503,frequent_cooccurrence,5.0
House,Psy-Trance,-0.4644153404974569,frequent_cooccurrence,4.0
Hard Techno,UK Garage - Bassline,-0.4646864750757611,frequent_cooccurrence,5.0
Bass House,Progressive House,-0.4687425119827051,frequent_cooccurrence,4.0
Techno (Raw - Deep - Hypnotic),Trap - Future Bass,-0.46973166238412944,frequent_cooccurrence,3.0
Afro House,Bass House,-0.47252067995728164,frequent_cooccurrence,5.0
Jackin House,Psy-Trance,-0.48300494385807813,frequent_cooccurrence,4.0
Breaks - Breakbeat - UK Bass,Downtempo,-0.4846986933190298,frequent_cooccurrence,6.0
Hard Dance - Hardcore - Neo Rave,Indie Dance,-0.48779427552382737,frequent_cooccurrence,5.0
Deep House,Hard Techno,-0.4921754848381452,frequent_cooccurrence,5.0
Hard Techno,Minimal - Deep Tech,-0.4924647102225346,frequent_cooccurrence,4.0
140 - Deep Dubstep - Grime,Trance (Main Floor),-0.5075945224061251,frequent_cooccurrence,5.0
Melodic House & Techno,UK Garage - Bassline,-0.5113580653796985,frequent_cooccurrence,5.0
Ambient - Experimental,Minimal - Deep Tech,-0.5122596762155669,frequent_cooccurrence,6.0
Dance - Pop,Electro (Classic - Detroit - Modern),-0.5140046694837119,frequent_cooccurrence,4.0
Funky House,Psy-Trance,-0.5167471487664046,frequent_cooccurrence,4.0
Downtempo,Funky House,-0.5235885122418638,frequent_cooccurrence,5.0
Electro (Classic - Detroit - Modern),Mainstage,-0.5329124998989556,frequent_cooccurrence,4.0
Bass House,Trance (Main Floor),-0.5394500462281306,frequent_cooccurrence,5.0
Bass - Club,Hard Techno,-0.5400119790369384,frequent_cooccurrence,5.0
Melodic House & Techno,Minimal - Deep Tech,-0.5443563366137583,frequent_cooccurrence,4.0
Jackin House,Melodic House & Techno,-0.5495418868828503,frequent_cooccurrence,5.0
Tech House,Trance (Main Floor),-0.5500828544727303,frequent_cooccurrence,5.0
Ambient - Experimental,Breaks - Breakbeat - UK Bass,-0.5510710429041059,frequent_cooccurrence,6.0
Bass - Club,Dance - Pop,-0.5546121301942577,frequent_cooccurrence,5.0
Dubstep,Indie Dance,-0.5572095076620158,frequent_cooccurrence,3.0
Deep House,Trance (Main Floor),-0.5634906815073237,frequent_cooccurrence,6.0
Ambient - Experimental,Jackin House,-0.5720076390194313,frequent_cooccurrence,5.0
Ambient - Experimental,UK Garage - Bassline,-0.5750498572788065,frequent_cooccurrence,5.0
Trance (Main Floor),UK Garage - Bassline,-0.5782001043762262,frequent_cooccurrence,5.0
Organic House,Trap - Future Bass,-0.5803416751316441,frequent_cooccurrence,4.0
Nu Disco - Disco,Psy-Trance,-0.589528774181105,frequent_cooccurrence,5.0
Progressive House,UK Garage - Bassline,-0.5978101844817878,frequent_cooccurrence,4.0
Deep House,Hard Dance - Hardcore - Neo Rave,-0.6074013837040826,frequent_cooccurrence,5.0
Ambient - Experimental,Bass House,-0.615065550622313,frequent_cooccurrence,5.0
Mainstage,Minimal - Deep Tech,-0.6218626127739528,frequent_cooccurrence,4.0
Deep House,Mainstage,-0.6368131332266533,frequent_cooccurrence,5.0
Deep House,Dubstep,-0.6412734862008014,frequent_cooccurrence,3.0
Ambient - Experimental,Tech House,-0.6482479388844333,frequent_cooccurrence,5.0
Bass - Club,Melodic House & Techno,-0.6562979804529501,frequent_cooccurrence,5.0
140 - Deep Dubstep - Grime,Progressive House,-0.6656201457651645,frequent_cooccurrence,4.0
Bass - Club,Mainstage,-0.6744967874393066,frequent_cooccurrence,5.0
Minimal - Deep Tech,Trance (Main Floor),-0.687566062486455,frequent_cooccurrence,5.0
Trance (Raw - Deep - Hypnotic),Trap - Future Bass,-0.7052457244500279,frequent_cooccurrence,3.0
Progressive House,Trap - Future Bass,-0.7314730766219153,frequent_cooccurrence,4.0
Bass - Club,Trance (Main Floor),-0.7665770652978496,frequent_cooccurrence,6.0
